ticker,date,close,trend_score,momentum_score,mean_reversion_score,breakout_score,relative_strength,rsi,adx,atr,macro_score,signal_score,action,trend_contrib,momentum_contrib,mean_reversion_contrib,breakout_contrib,relative_strength_contrib,macro_contrib,volatility_penalty,overbought_penalty,oversold_bonus,trend_strength_bonus,raw_total
512100,2025-01-01,6.328499684426156,0.0,0.0,-0.0,0.0,0.0,50.0,20.0,0.0,0.0,0.5,HOLD,0.0,0.0,-0.0,0.0,0.0,0.0,0.0,0.0,0.0,0.0,0.0
512100,2025-01-02,6.384373408547124,0.0,0.0,-0.0,0.0,0.0,50.0,20.0,0.0,0.0,0.5,HOLD,0.0,0.0,-0.0,0.0,0.0,0.0,0.0,0.0,0.0,0.0,0.0
512100,2025-01-03,6.369991715956308,0.0,0.0,-0.0,0.0,0.0,98.05846983697094,20.0,0.0,0.0,0.4,SELL,0.0,0.0,-0.0,0.0,0.0,0.0,0.0,-0.1,0.0,0.0,-0.1
512100,2025-01-06,6.373918326886066,0.0,0.0,-0.007176842020184093,0.0,0.0,98.06949052307893,20.0,0.0,0.0,0.3942648269068261,SELL,0.0,0.0,-0.005735173093173882,0.0,0.0,0.0,0.0,-0.1,0.0,0.0,-0.10573517309317389
512100,2025-01-07,6.346314541791703,0.0,0.0,0.005961253253838561,0.0,0.0,94.0287532069905,20.0,0.0,0.0,0.4047653904469345,SELL,0.0,0.0,0.004765390446934463,0.0,0.0,0.0,0.0,-0.1,0.0,0.0,-0.09523460955306554
512100,2025-01-08,6.364816388524668,0.0,0.001721578853257344,0.000812454342550617,0.0,0.0,94.20121574577284,20.0,0.0,0.0,0.4036797415369676,SELL,0.0,0.0030297872153959727,0.0006499543215716213,0.0,0.0,0.0,0.0,-0.1,0.0,0.0,-0.09632025846303241
512100,2025-01-09,6.293008235511099,0.0,-0.004293225060130845,0.01269393287229259,0.0,0.0,84.05432092885155,20.0,0.0,0.0,0.40256727433813777,SELL,0.0,-0.0075531063723146274,0.010120380710452376,0.0,0.0,0.0,0.0,-0.1,0.0,0.0,-0.09743272566186226
512100,2025-01-10,6.358845711717099,0.0,-0.0005249302386668319,-0.0019745585950516897,0.0,0.0,85.58720388458345,20.0,0.0,0.0,0.39749661271064085,SELL,0.0,-0.000923871789137485,-0.0015795155002216348,0.0,0.0,0.0,0.0,-0.1,0.0,0.0,-0.10250338728935912
512100,2025-01-13,6.374650246185251,0.0,3.4449106263134686e-05,-0.0015450339900320298,0.0,0.0,85.93670320486859,20.0,0.0,0.0,0.3988246661748455,SELL,0.0,6.063042548812811e-05,-0.001235964250642596,0.0,0.0,0.0,0.0,-0.1,0.0,0.0,-0.10117533382515448
512100,2025-01-14,6.393261197916742,0.0,0.0022192402763471673,-0.015930848753688442,0.0,0.0,86.35627155257502,20.0,0.0,0.0,0.39122933076917754,SELL,0.0,0.0039054525598278137,-0.012676121790650264,0.0,0.0,0.0,0.0,-0.1,0.0,0.0,-0.10877066923082246
512100,2025-01-15,6.327108151391729,0.0,-0.00177734445887191,0.004991088283033629,0.0,0.0,77.50489791381091,20.0,0.0,0.0,0.400862834575017,SELL,0.0,-0.003127915457091675,0.003990750032108665,0.0,0.0,0.0,0.0,-0.1,0.0,0.0,-0.09913716542498302
512100,2025-01-16,6.369317587947218,0.0,0.003637815949715839,0.0008365413053404991,0.0,0.0,78.98499650706339,20.0,0.0,0.0,0.40706997217360097,SELL,0.0,0.006400749120193703,0.0006692230534072983,0.0,0.0,0.0,0.0,-0.1,0.0,0.0,-0.092930027826399
512100,2025-01-17,6.305167988567118,0.0,-0.002532427688144967,0.013779072467480225,0.0,0.0,71.30610600268155,20.0,0.0,0.0,0.5065223622046074,HOLD,0.0,-0.004456463038075609,0.010978825242683007,0.0,0.0,0.0,0.0,0.0,0.0,0.0,0.006522362204607397
512100,2025-01-20,6.255194423060901,0.0,-0.005621758928460496,0.0113659710898113,0.0,0.0,65.92885308694241,20.0,0.08019395894947141,0.0,0.4991801700525035,HOLD,0.0,-0.009887630151448806,0.009067800203952266,0.0,0.0,0.0,0.0,0.0,0.0,0.0,-0.0008198299474965406
512100,2025-01-21,6.264148502943873,0.0,-0.006058536839458772,0.016511829336687267,0.0,0.0,66.41751876331561,20.0,0.0824461109146958,0.0,0.5024784824420957,HOLD,0.0,-0.010654682903462878,0.013133165345558532,0.0,0.0,0.0,0.0,0.0,0.0,0.0,0.002478482442095654
512100,2025-01-22,6.455004471759321,0.0,0.006064207406007061,-0.023764074718373163,0.0,0.0,74.7353172822154,20.0,0.08998929817981852,0.0,0.4918791564300129,HOLD,0.0,0.010664639670139475,-0.01878548324012659,0.0,0.0,0.0,0.0,0.0,0.0,0.0,-0.008120843569987116
512100,2025-01-23,6.470739149349315,0.0,0.004777037414213048,-0.034458517467302,0.0,0.0,75.27894231733976,20.0,0.08942330002560991,0.0,0.38151438269490223,SELL,0.0,0.00840349518623923,-0.026889112491337,0.0,0.0,0.0,0.0,-0.1,0.0,0.0,-0.11848561730509777
512100,2025-01-24,6.273733545198694,0.0,-0.001495651349436955,-0.0015301428837961595,0.0,0.0,58.34993803690342,20.0,0.10105973478276775,0.0,0.4961437260708737,HOLD,0.0,-0.002632220761132428,-0.001224053167993886,0.0,0.0,0.0,0.0,0.0,0.0,0.0,-0.0038562739291263144
512100,2025-01-27,6.2277469741663465,0.0,-0.0013163834904970195,0.035206404362262966,0.0,0.0,55.22779537300593,20.0,0.10301948805559544,0.0,0.5251265153393735,HOLD,0.0,-0.0023167492987897138,0.027443264638163257,0.0,0.0,0.0,0.0,0.0,0.0,0.0,0.02512651533937354
512100,2025-01-28,6.281210620933902,0.35,0.0008171318726883925,0.02929008943815503,0.0,0.0,58.0388662325205,20.0,0.10485081987317393,0.0,0.6294505618041393,HOLD,0.105,0.001438131610721786,0.02301243019341742,0.0,0.0,0.0,0.0,0.0,0.0,0.0,0.12945056180413922
512100,2025-01-29,6.198540270494537,0.0,-0.020133551605111953,0.011985410945879682,0.0,-1.6846843715009094,52.545085757476095,20.0,0.10368630530196794,0.0,0.4235137807858879,SELL,0.0,-0.035131766775059095,0.009559052644656478,0.0,-0.05091350508370947,0.0,0.0,0.0,0.0,0.0,-0.07648621921411208
512100,2025-01-30,6.262715179201497,0.0,-0.017266773005722227,-0.005614904584307023,0.0,-1.5544686725840802,56.024924652525115,20.0,0.10372149559864972,0.0,0.4176858258295917,SELL,0.0,-0.030197696424173453,-0.004488904929070016,0.0,-0.047627572817164815,0.0,0.0,0.0,0.0,0.0,-0.08231417417040829
512100,2025-01-31,6.277030787261799,0.0,-0.005679759653231909,0.0006654503286632751,0.0,-1.1889769183159644,56.786179088375626,20.0,0.10361153678335791,0.0,0.4528627865610397,HOLD,0.0,-0.009989503096925015,0.0005323552338254863,0.0,-0.03768006557586081,0.0,0.0,0.0,0.0,0.0,-0.04713721343896034
512100,2025-02-03,6.354087154658663,0.3,0.0048414777535037415,-0.025094115287842556,0.0,-0.2467264773139337,60.72711576675224,20.0,0.10721161375049164,0.0,0.5705011384394009,HOLD,0.09,0.008516742463499026,-0.0198098803268388,0.0,-0.008205723697259406,0.0,0.0,0.0,0.0,0.0,0.07050113843940083
512100,2025-02-04,6.313889615174393,0.0,-0.0004829036306253755,-0.00817128585742588,0.0,-0.40378045338565427,57.76749577298889,20.0,0.10392937721883065,0.0,0.4792437015404956,HOLD,0.0,-0.0008499061617524133,-0.006527733068918898,0.0,-0.013378659228833087,0.0,0.0,0.0,0.0,0.0,-0.0207562984595044
512100,2025-02-05,6.268041893056915,0.0,-0.002718066811172748,0.0014320296505675456,0.0,-1.1946799871071907,54.50469761523431,20.0,0.10556066393628154,0.0,0.4585194694042801,HOLD,0.0,-0.004783043764220038,0.0011455736038150364,0.0,-0.03784306043531491,0.0,0.0,0.0,0.0,0.0,-0.041480530595719906
512100,2025-02-06,6.312919956669268,0.0,0.003670577523560614,0.006478853214849534,0.0,0.2513920032422957,57.06126332632746,9.359655385930072,0.10663122931028804,0.0,0.5199969806914085,HOLD,0.0,0.006458360241234174,0.005178446216651768,0.0,0.008360174233522588,0.0,0.0,0.0,0.0,0.0,0.019996980691408532
512100,2025-02-07,6.314748553909567,0.0,-0.0009712531500116533,-0.00013603955525454126,0.0,-0.561309847609474,57.16688151908738,8.754426507607517,0.10467793134849446,0.0,0.47968678916431895,HOLD,0.0,-0.001709371144038116,-0.00010883160123573478,0.0,-0.018495008090407224,0.0,0.0,0.0,0.0,0.0,-0.020313210835681075
512100,2025-02-10,6.311993594931729,0.3,-0.0059190063619388835,-0.007012030650831891,0.0,-0.7966778167714657,56.939640905609814,7.968238074427832,0.10171435418135763,0.0,0.5480377886884226,HOLD,0.09,-0.010409672112796534,-0.005603747816586368,0.0,-0.02594879138219452,0.0,0.0,0.0,0.0,0.0,0.04803778868842257
512100,2025-02-11,6.433232085659171,0.6499999999999999,0.008171286773539755,-0.019058079274836937,0.0,0.47781462390026475,63.76571787332294,7.879730365373072,0.0983045148939019,0.0,0.7100254296058074,BUY,0.19499999999999998,0.014361014357111514,-0.01512941459890194,0.0,0.015793829847597803,0.0,0.0,0.0,0.0,0.0,0.21002542960580736
512100,2025-02-12,6.482315659406526,0.6499999999999999,0.020067760217985908,-0.026535831801761223,0.0,1.8979899769682378,66.10816075330251,7.593290103737082,0.10161930351919615,0.0,0.7650918403210395,BUY,0.19499999999999998,0.035018917274798625,-0.020915416585015653,0.0,0.05598833963125652,0.0,0.0,0.0,0.0,0.0,0.2650918403210395
512100,2025-02-13,6.329987233660807,0.6499999999999999,-0.0016589244254166637,-0.0028507061134419587,0.0,-0.4416659710427981,54.362482722326035,6.617634036038541,0.0994325517090682,0.0,0.6751835461715067,BUY,0.19499999999999998,-0.0029195355848740836,-0.0022801696008635255,0.0,-0.014616748642755688,0.0,0.0,0.0,0.0,0.0,0.17518354617150667
512100,2025-02-14,6.3930897209818465,0.6499999999999999,0.0092995755331708,0.0062398440073083705,0.0,0.9991869672466631,57.71420284925014,6.4801451018615825,0.10064359958771142,0.0,0.7484518277969981,BUY,0.19499999999999998,0.016337122853785618,0.004987732946936011,0.0,0.03212697199627656,0.0,0.0,0.0,0.0,0.0,0.24845182779699818
512100,2025-02-17,6.4491419381144715,0.6499999999999999,0.018920797279043524,0.005117572644571133,0.0,2.22960329158121,60.48997636190447,6.540092784135791,0.09849161333507331,0.0,0.7952478889874974,BUY,0.19499999999999998,0.03304858724321551,0.004091772255377806,0.0,0.06310752948890415,0.0,0.0,0.0,0.0,0.0,0.29524788898749743
512100,2025-02-18,6.543292544955488,0.6499999999999999,0.022957301256713202,-0.03369758949281798,0.0,3.1369619284712793,64.68352656496486,8.116800572220075,0.10466376332671658,0.0,0.7866442380816696,BUY,0.19499999999999998,0.03995660628025158,-0.026323464773473654,0.0,0.07801109657489169,0.0,0.0,0.0,0.0,0.0,0.2866442380816696
512100,2025-02-19,6.4719943361629495,0.6499999999999999,0.000575149791815266,-0.012342172349332436,0.0,0.20514976085370898,59.53058861515432,9.001335940022795,0.10386354215456871,0.0,0.6929981665424207,BUY,0.19499999999999998,0.0010122564901020885,-0.009841775926254608,0.0,0.0068276859785732814,0.0,0.0,0.0,0.0,0.0,0.19299816654242075
512100,2025-02-20,6.499679391544043,0.6499999999999999,0.009831290012899507,-0.007836306583810071,0.0,0.34796444996247444,60.835279753179215,9.796233422510214,0.10480108845965029,0.0,0.7175537142333563,BUY,0.19499999999999998,0.01726748028467401,-0.0062608455137841655,0.0,0.011547079462466468,0.0,0.0,0.0,0.0,0.0,0.2175537142333563
512100,2025-02-21,6.510855981895452,0.6499999999999999,0.020644686089592513,0.004957223421875323,0.0,3.558227925839203,61.37663156144073,10.613349427876472,0.10392085616469712,0.0,0.8179073373716228,BUY,0.19499999999999998,0.03600784604084543,0.003963700998172674,0.0,0.08293579033260474,0.0,0.0,0.0,0.0,0.0,0.3179073373716228
512100,2025-02-24,6.438510070657166,0.6499999999999999,0.013042465322011788,0.0051737167504437576,0.0,3.125764289855642,55.98244722401332,11.217496467710365,0.10701818601204398,0.0,0.7998729792970726,BUY,0.19499999999999998,0.022871799080448008,0.00413661151312538,0.0,0.07786456870349917,0.0,0.0,0.0,0.0,0.0,0.2998729792970726
512100,2025-02-25,6.514105897468353,0.6499999999999999,0.013493071623735265,-0.002219571928898212,0.0,3.3847211115570706,59.94394504531422,12.112373148287526,0.10585440824559221,0.0,0.7979221435490871,BUY,0.19499999999999998,0.023655997214990915,-0.0017754709474285828,0.0,0.08104161728152483,0.0,0.0,0.0,0.0,0.0,0.29792214354908714
512100,2025-02-26,6.497699783086057,0.6499999999999999,0.02049669799141374,0.0020206557856567997,0.0,4.626665156440411,58.709046854087624,13.315469809920726,0.1045631285283878,0.0,0.8236199934594164,BUY,0.19499999999999998,0.03575431529513833,0.0016163838357631556,0.0,0.09124929432851496,0.0,0.0,0.0,0.0,0.0,0.32361999345941644
512100,2025-02-27,6.590050217106788,0.6499999999999999,0.02507807573123744,-0.023536523945229204,0.0,4.921535457588536,63.29311676629128,15.494956247329215,0.11160219511409648,0.0,0.8126992156660418,BUY,0.19499999999999998,0.04355461422893165,-0.01860980685037527,0.0,0.09275440828748542,0.0,0.0,0.0,0.0,0.0,0.31269921566604175
512100,2025-02-28,6.533808715815526,0.6499999999999999,0.017420609197622807,-0.0030246389385273353,0.0,3.74993644773112,58.99743498077602,17.62364124636449,0.11364871718181949,0.0,0.8078718328442802,BUY,0.19499999999999998,0.030463301906840445,-0.002419239014270755,0.0,0.08482776995171055,0.0,0.0,0.0,0.0,0.0,0.3078718328442802
512100,2025-03-03,6.421773330175905,0.35,0.0034811113037057084,0.011685127882915314,0.0,0.9319179587188096,51.49919927553166,18.24682264039308,0.11016968384549328,0.0,0.6505479993959379,HOLD,0.105,0.006125172495369418,0.009320967060692228,0.0,0.03010185983987623,0.0,0.0,0.0,0.0,0.0,0.15054799939593788
512100,2025-03-04,6.405521143578529,0.35,0.0008043246586631027,0.028001163488746927,0.0,1.2796826668965624,50.49659552044292,18.552447353873305,0.10599077730892947,0.0,0.6686935189227919,HOLD,0.105,0.0014155918622260069,0.022033607793346417,0.0,0.040244319267219525,0.0,0.0,0.0,0.0,0.0,0.16869351892279194
512100,2025-03-05,6.425781539145628,0.35,0.006745800377148538,0.016533568913398078,0.0,2.248889184689787,51.75749228124333,20.899565237039305,0.09791332923492467,0.0,0.6935041530547847,HOLD,0.105,0.011861096254695178,0.013150256644945724,0.0,0.06349280015514379,0.0,0.0,0.0,0.0,0.0,0.1935041530547847
512100,2025-03-06,6.3870318202015826,0.0,-0.004546156837977032,0.005409955815642409,0.0,1.0467305694135587,49.177512294833384,21.140330823006853,0.09347845633566175,0.0,0.5298684233523403,HOLD,0.0,-0.007997710094886465,0.004325264398689922,0.0,0.03354086904853686,0.0,0.0,0.0,0.0,0.0,0.02986842335234032
512100,2025-03-07,6.154585489904529,0.0,-0.027557377243742288,0.039174900534917456,0.0,-1.8189238664338667,37.19878481632269,20.65624966682811,0.10484416705444,0.0,0.428470122237395,SELL,0.0,-0.047730213771098366,0.030352631417090034,0.0,-0.054152295408596646,0.0,0.0,0.0,0.0,0.0,-0.07152987776260497
512100,2025-03-10,6.18525864991707,0.0,-0.019080409388283884,0.03743091603150561,0.0,-1.4329378115552103,39.299919563616335,20.405131413519122,0.09435017803317246,0.0,0.45132192950854194,SELL,0.0,-0.03332311248229965,0.029080676071652718,0.0,-0.044435634080811144,0.0,0.0,0.0,0.0,0.0,-0.04867807049145807
512100,2025-03-11,6.215738171334473,0.0,-0.022411559488272247,0.026818975337702833,0.0,-2.546340193136682,41.39804882469281,20.330301688276254,0.09153900690235714,0.0,0.4130617054945317,SELL,0.0,-0.03902705298259454,0.02113191947541495,0.0,-0.0690431609982887,0.0,0.0,0.0,0.0,0.0,-0.08693829450546828
512100,2025-03-12,6.269355174439408,0.0,-0.020444079368757764,-0.018647833346882026,0.0,-2.467250079277964,44.99958682582513,20.170602249519074,0.09044571652591671,0.0,0.3818889725921654,SELL,0.0,-0.035664146396805284,-0.014808572093296321,0.0,-0.06763830891773297,0.0,0.0,0.0,0.0,0.0,-0.11811102740783458
512100,2025-03-13,6.243112222769831,0.0,-0.012249671822421626,-0.00935346056280717,0.0,-1.115403979706841,43.58759034547369,20.189617210618245,0.08787160510773827,0.0,0.43548386395851696,SELL,0.0,-0.02149067129589229,-0.007468833863274484,0.0,-0.03555663088231626,0.0,0.0,0.0,0.0,0.0,-0.06451613604148304
512100,2025-03-14,6.212891683958835,0.0,-0.008432465291034431,0.00045794840406321313,0.0,-2.3338399474573044,41.95497902975815,20.243839446798493,0.08399806738133268,0.0,0.42039503475118567,SELL,0.0,-0.014818666729769508,0.0003663570841861458,0.0,-0.06515265560323096,0.0,0.0,0.0,0.0,0.0,-0.07960496524881432
512100,2025-03-17,6.322635340772299,0.0,-0.0011833125359210104,-0.008498508195885712,0.0,-1.5541882250781283,49.371152661867036,18.61415556855788,0.0847015122685409,0.0,0.44350873701689103,HOLD,0.0,-0.0020825678540783393,-0.006788350340159954,0.0,-0.04762034478887069,0.0,0.0,0.0,0.0,0.0,-0.056491262983108984
512100,2025-03-18,6.205509430090657,0.0,-0.02114280789809426,0.006023084534990342,0.0,-4.080237562194608,43.04936501706736,17.922303393844963,0.09085564767693752,0.0,0.3803131042878556,SELL,0.0,-0.03686049443254058,0.004814741974657272,0.0,-0.08764114325426113,0.0,0.0,0.0,0.0,0.0,-0.11968689571214444
512100,2025-03-19,6.189465622086718,0.0,-0.021284476666890262,0.003770556942526593,0.0,-3.492433351665635,42.25128629763047,17.924129256004598,0.08387286222019119,0.0,0.3836741508131601,SELL,0.0,-0.03710278590595519,0.003015531004593432,0.0,-0.08223859428547814,0.0,0.0,0.0,0.0,0.0,-0.1163258491868399
512100,2025-03-20,6.202386887638219,0.0,-0.0202527985046044,0.01901872346783051,0.0,-3.6739235246846804,43.165138713440015,17.5611678652121,0.08174987784595375,0.0,0.3956606001242866,SELL,0.0,-0.03533625812509332,0.015098649169795211,0.0,-0.08410179092041531,0.0,0.0,0.0,0.0,0.0,-0.10433939987571342
512100,2025-03-21,6.249849176880756,0.0,-0.014250620911240899,-0.007145222691161246,0.0,-3.1767372286761493,46.513310849572065,17.37136616692027,0.0798205429691354,0.0,0.3907923208154866,SELL,0.0,-0.02497299399613839,-0.005709960467093915,0.0,-0.0785247247212811,0.0,0.0,0.0,0.0,0.0,-0.1092076791845134
512100,2025-03-24,6.264956350990502,0.0,-0.013519014202112357,-0.012196647257301185,0.0,-2.1625178949937753,47.57201681721739,17.495052662331382,0.08198212755891683,0.0,0.4048295109908986,SELL,0.0,-0.0237011272314141,-0.009726470344512721,0.0,-0.06174289143317455,0.0,0.0,0.0,0.0,0.0,-0.09517048900910138
512100,2025-03-25,6.198022110773124,0.0,-0.019771157322974044,0.000703725347058537,0.0,-3.9651166928507084,43.466791347527845,16.559682731040475,0.08380384930960215,0.0,0.3793322976778992,SELL,0.0,-0.03450993148856604,0.0005629743298957833,0.0,-0.08672074516343052,0.0,0.0,0.0,0.0,0.0,-0.12066770232210078
512100,2025-03-26,6.287220123975382,0.0,-0.010175913735438368,-0.005979495830534365,0.0,-2.530519840706588,49.696595018310674,15.583376789605227,0.08719445946447012,0.0,0.40858370593832805,SELL,0.0,-0.01787014954981336,-0.00477995126534719,0.0,-0.0687661932465114,0.0,0.0,0.0,0.0,0.0,-0.09141629406167195
512100,2025-03-27,6.289753175472718,0.3,-0.018447704423338606,-0.003958020310595778,0.0,-3.71492916757233,49.865553683326674,16.98915958005045,0.071802201815413,0.0,0.47010308405116613,HOLD,0.09,-0.03223427441473059,-0.003165358436147389,0.0,-0.0844972830979559,0.0,0.0,0.0,0.0,0.0,-0.029896915948833883
512100,2025-03-28,6.166247377841184,0.0,-0.03611060847645211,0.005126592381255013,0.0,-4.393350881490845,42.38954422014664,15.184300551404988,0.08095016766244864,0.0,0.3524038401365769,SELL,0.0,-0.06184378694400851,0.004098975942335648,0.0,-0.08985134886175022,0.0,0.0,0.0,0.0,0.0,-0.1475961598634231
512100,2025-03-31,6.184068571536808,0.0,-0.027615142295799186,0.016406543815003616,0.0,-2.984742354900913,43.701148606489404,13.988355949203092,0.0838027578923707,0.0,0.3892783025071349,SELL,0.0,-0.047827085132644824,0.013050380562265896,0.0,-0.07594499292248616,0.0,0.0,0.0,0.0,0.0,-0.11072169749286509
512100,2025-04-01,6.221688254739179,0.0,-0.016225426172842207,0.010821556718467518,0.0,-2.2914960319698388,46.47158970928549,12.95371420286918,0.0859264164804404,0.0,0.41590538668971666,SELL,0.0,-0.028397440144294368,0.008635681939871975,0.0,-0.06433285510586091,0.0,0.0,0.0,0.0,0.0,-0.08409461331028331
512100,2025-04-02,6.370442147780874,0.6499999999999999,0.0007913392000821638,-0.033114916970972796,0.0,-0.6276088085823085,55.74517913714337,12.80976559620589,0.09568468269520546,0.0,0.6498832963562818,BUY,0.19499999999999998,0.0013927383861682921,-0.025889096775683747,0.0,-0.020620345254202695,0.0,0.0,0.0,0.0,0.0,0.14988329635628184
512100,2025-04-03,6.404110037646698,0.6499999999999999,0.011820432221594013,-0.03558199000616957,0.0,0.1950539798734863,57.53823492688549,13.555784575299302,0.0944686175810241,0.0,0.6945139492164029,BUY,0.19499999999999998,0.02074217032968023,-0.027720874136960616,0.0,0.00649265302368325,0.0,0.0,0.0,0.0,0.0,0.19451394921640283
512100,2025-04-04,6.29265094135951,0.6499999999999999,0.011999995358159389,-0.011405696286096889,0.0,1.9469470065384797,50.27588395391242,13.883372346348853,0.09718509441867441,0.0,0.7640544796592256,BUY,0.19499999999999998,0.0210553495523078,-0.009099318139305165,0.0,0.057098448246222955,0.0,0.0,0.0,0.0,0.0,0.26405447965922557
512100,2025-04-07,6.185784011481314,0.35,-0.0087711163802493,0.028986706419410146,0.0,0.006980091266257147,44.479075510806965,13.582274559888287,0.09437101015457612,0.0,0.6126032393716769,HOLD,0.105,-0.015411878747459496,0.02278244883011431,0.0,0.00023266928902215757,0.0,0.0,0.0,0.0,0.0,0.11260323937167696
512100,2025-04-08,6.281567867505154,0.6499999999999999,0.0018824807002877702,0.01913492576192133,0.0,0.8398023238676443,50.03928951238526,11.523228093688548,0.10019033035028409,0.0,0.7407868040551246,BUY,0.19499999999999998,0.0033129155810353345,0.015189478986462435,0.0,0.027284409487626893,0.0,0.0,0.0,0.0,0.0,0.24078680405512465
512100,2025-04-09,6.223440523943722,0.35,-0.014767541762258017,0.010998610611132276,0.0,-0.579126911012017,46.965417052582076,10.169135453468147,0.10424255252326857,0.0,0.5688376672910656,HOLD,0.105,-0.025870625377455325,0.008776251462185193,0.0,-0.019067958793664297,0.0,0.0,0.0,0.0,0.0,0.06883766729106557
512100,2025-04-10,6.110080724265979,0.0,-0.0345074532617259,0.012238268758628434,-1.0,-1.6084118632131035,41.598600984712355,11.055977182402511,0.1061343577655162,0.0,0.3015176653017255,SELL,0.0,-0.05923593887323707,0.009759451470623596,-0.1,-0.04900584729566097,0.0,0.0,0.0,0.0,0.0,-0.19848233469827448
512100,2025-04-11,6.185760980951313,0.0,-0.012524066011486278,0.015252065817748184,0.0,-0.32247576572509973,46.03243623140159,11.311326882200579,0.10832113805199331,0.0,0.4794645827086169,HOLD,0.0,-0.02196889343853414,0.012141458231313082,0.0,-0.010707982084162057,0.0,0.0,0.0,0.0,0.0,-0.020535417291383112
512100,2025-04-14,6.152798113830811,0.0,-0.017255412438151915,0.011351021969459696,0.0,-2.0802583149841287,44.44954635909704,10.540423502484815,0.10729399089377191,0.0,0.41886043916624793,SELL,0.0,-0.03017807829734701,0.009055939114414845,0.0,-0.06001742165081993,0.0,0.0,0.0,0.0,0.0,-0.0811395608337521
512100,2025-04-15,6.225057605903499,0.0,-0.0033109330787408405,-0.018817571620763474,0.0,0.2509232515956262,48.62046321726832,10.768259894101027,0.1071111234865371,0.0,0.48757742022757616,HOLD,0.0,-0.005825879830818068,-0.01494135812511783,0.0,0.008344658183512066,0.0,0.0,0.0,0.0,0.0,-0.012422579772423831
512100,2025-04-16,6.1590929484267125,0.0,-0.018817383627823446,0.004311196731772049,0.0,-0.38413181057127344,45.27824645787035,10.135288733383035,0.11145925243998597,0.0,0.4578420535953604,HOLD,0.0,-0.032870664394038206,0.003447590488897122,0.0,-0.012734872499498527,0.0,0.0,0.0,0.0,0.0,-0.042157946404639615
512100,2025-04-17,6.270361569566145,0.3,0.0029634184024319166,-0.019107315657093338,0.0,0.8174327374732632,51.35286319924448,10.38860150423559,0.1090174309226369,0.0,0.6066396115068551,BUY,0.09,0.005214639482492355,-0.015167899795826542,0.0,0.02659287182018922,0.0,0.0,0.0,0.0,0.0,0.10663961150685503
512100,2025-04-18,6.338362164012593,0.3,0.01615633135206085,-0.018201367004482272,0.0,1.0480025127858716,54.66506337773773,11.126903459663776,0.1119636614384194,0.0,0.6373972947319247,BUY,0.09,0.028277850887343744,-0.014459048219048216,0.0,0.033578492063629194,0.0,0.0,0.0,0.0,0.0,0.13739729473192472
512100,2025-04-21,6.2858030426250995,0.6499999999999999,0.010612746594463518,-0.0205728498107427,0.0,0.24364358059522936,51.73316820334878,11.127425319106779,0.11256055757152428,0.0,0.7054260587037399,BUY,0.19499999999999998,0.018633682835923544,-0.016311267978449267,0.0,0.008103643846265603,0.0,0.0,0.0,0.0,0.0,0.20542605870373987
512100,2025-04-22,6.162948998396272,0.35,-0.010905013450804423,0.017130203733578986,0.0,-0.3994865843969337,45.57949865528139,11.37303543253059,0.10943661624643962,0.0,0.5862366670830251,HOLD,0.105,-0.019144280303467938,0.013619012667301138,0.0,-0.01323806528080805,0.0,0.0,0.0,0.0,0.0,0.08623666708302515
512100,2025-04-23,6.335770206549041,0.6499999999999999,0.018336211758563814,0.0004089317392225178,0.0,0.5081643841998419,53.88878820999418,10.043200196224955,0.12020934205165126,0.0,0.744148025160345,BUY,0.19499999999999998,0.0320422348706396,0.0003271442243015637,0.0,0.016778646065403822,0.0,0.0,0.0,0.0,0.0,0.24414802516034495
512100,2025-04-24,6.3221958668818266,0.6499999999999999,0.0073924524587518185,-0.005789685742607853,0.0,0.3391788818173719,53.20166762553711,9.845036032526414,0.11373283469295924,0.0,0.7146251649800003,BUY,0.19499999999999998,0.012995569214399238,-0.004628439255786408,0.0,0.011258035021387511,0.0,0.0,0.0,0.0,0.0,0.2146251649800003
512100,2025-04-25,6.266732634911057,0.6499999999999999,0.0026359374463990623,-0.01683993110145665,0.0,1.1132143531904841,50.37533277370437,9.738804629983424,0.11329535529785836,0.0,0.7217403867879175,BUY,0.19499999999999998,0.004638562363328294,-0.0133910299935393,0.0,0.035492854418128515,0.0,0.0,0.0,0.0,0.0,0.2217403867879175
512100,2025-04-28,6.3733654725561735,0.6499999999999999,0.017333423507820567,-0.0059338114832938604,0.0,2.0307347951846544,55.292849389403074,10.084085307164667,0.11437055531427591,0.0,0.7795200903338402,BUY,0.19499999999999998,0.030312782741175517,-0.00474348665559565,0.0,0.058950794248260385,0.0,0.0,0.0,0.0,0.0,0.27952009033384023
512100,2025-04-29,6.448119429776569,0.6499999999999999,0.03481689862094879,-0.019917694033236177,0.0,2.3921544606471774,58.404711027697125,11.192196902381498,0.11614769797921738,0.0,0.8051973049526472,BUY,0.19499999999999998,0.05974074113266774,-0.015800656229788112,0.0,0.06625722004976757,0.0,0.0,0.0,0.0,0.0,0.3051973049526472
512100,2025-04-30,6.542091475628762,0.6499999999999999,0.033663729887011135,-0.043939777992716866,0.0,1.841083644679413,61.98672859681247,12.242135545981418,0.11594017094557207,0.0,0.7737562811446708,BUY,0.19499999999999998,0.05785615498196166,-0.03377212952059495,0.0,0.05467225568330414,0.0,0.0,0.0,0.0,0.0,0.2737562811446708
512100,2025-05-01,6.5368440684379685,0.6499999999999999,0.029117240833373838,-0.025650277955302725,0.0,1.4182413740401292,61.66737647503089,13.56248362056121,0.11312005557336306,0.0,0.7691438075076276,BUY,0.19499999999999998,0.05033915165316807,-0.020236970750806785,0.0,0.044041626605266275,0.0,0.0,0.0,0.0,0.0,0.26914380750762756
512100,2025-05-02,6.686882003522169,0.6499999999999999,0.06285235077925595,-0.03702824929746584,1.0,4.259971068766133,66.91584014769744,16.05928966343843,0.1173202219903704,0.0,0.9573270261724629,BUY,0.19499999999999998,0.10215284447076994,-0.028785509558217723,0.1,0.0889596912599107,0.0,0.0,0.0,0.0,0.0,0.45732702617246296
512100,2025-05-05,6.584255629183294,0.6499999999999999,0.048633939068937225,-0.006445057167360879,0.0,4.414308885425555,60.78522221261765,17.788696700047726,0.11705504644261826,0.0,0.8613567196845473,BUY,0.19499999999999998,0.08152309237691262,-0.00515148150459812,0.0,0.08998510881223279,0.0,0.0,0.0,0.0,0.0,0.3613567196845473
512100,2025-05-06,6.543139624283546,1.0,0.02620259853565763,-0.0009630879641100432,0.0,2.883673200509929,58.47383093265874,19.099751004827066,0.1161674988037041,0.0,0.9191645671539057,BUY,0.3,0.04545277068783104,-0.0007704551259780141,0.0,0.07448225159205271,0.0,0.0,0.0,0.0,0.0,0.4191645671539057
512100,2025-05-07,6.576238390962986,1.0,0.02858801585461932,0.016546368322471472,0.0,3.992561220480405,59.79907861839428,20.735427428526016,0.11032185278609065,0.0,0.9495617340019924,BUY,0.3,0.04945563131289584,0.013160318965300958,0.0,0.08694578372379558,0.0,0.0,0.0,0.0,0.0,0.44956173400199234
512100,2025-05-08,6.670918705554249,1.0,0.05902668993965563,-0.01316216763924527,0.0,6.795607179600858,63.397548897090346,22.010364037427653,0.10901578706566863,0.0,0.9841736593579204,BUY,0.3,0.09679693349657498,-0.010490989686540542,0.0,0.09786771554788609,0.0,0.0,0.0,0.0,0.0,0.4841736593579205
512100,2025-05-09,6.72638011159074,1.0,0.052370856270405004,-0.02800497892894316,1.0,6.516297245458861,65.35392274645955,25.12706034426812,0.10973974284324799,0.0,1.0,BUY,0.3,0.08713313445126894,-0.022036511940417287,0.1,0.097436891365286,0.0,0.0,0.0,0.0,0.05,0.6125335138761377
512100,2025-05-12,6.7222474987827585,1.0,0.0560121454241342,-0.022202526602505435,0.0,6.971838051641152,65.07481419557037,27.836701867354286,0.10629114295447449,0.0,1.0,BUY,0.3,0.092473395609617,-0.01757755780242563,0.0,0.09810183208161209,0.0,0.0,0.0,0.0,0.05,0.5229976698888035
512100,2025-05-13,6.686473214087065,1.0,0.042785317432488236,-0.00233168911500381,0.0,5.558683397999764,62.58314827010549,30.131803412167663,0.09926556513612393,0.0,1.0,BUY,0.3,0.07249299768970703,-0.0018651349702465206,0.0,0.09520178072595059,0.0,0.0,0.0,0.0,0.05,0.515829643445411
512100,2025-05-14,6.7831738609587395,1.0,0.06439512706113056,-0.008443434421752993,1.0,7.735420127852641,66.33541144423812,32.880590842398284,0.1037945292301478,0.0,1.0,BUY,0.3,0.10427046250711777,-0.006744493043424758,0.1,0.09885474436000571,0.0,0.0,0.0,0.0,0.05,0.6463807138236988
512100,2025-05-15,6.847971839706086,1.0,0.060885156825506756,-0.01870272419248087,1.0,7.205752047881768,68.60722418049838,36.60350417238766,0.10314702566107752,0.0,1.0,BUY,0.3,0.09941729434687842,-0.014851518996444324,0.1,0.09837368317385631,0.0,0.0,0.0,0.0,0.05,0.6329394585242905
512100,2025-05-16,6.778709497339158,1.0,0.04246511966522033,-0.013794459395690017,0.0,5.3068899641344895,63.661853001112576,39.5430376511281,0.09848689117093164,0.0,1.0,BUY,0.3,0.07199021594824756,-0.010990986248256812,0.0,0.0943495691567287,0.0,0.0,0.0,0.0,0.05,0.5053487988567195
512100,2025-05-19,6.7077280522665115,1.0,0.03874553382623985,0.011122493723250138,0.0,5.084118694584434,58.97051913282652,39.715058005110556,0.09564689212245625,0.0,1.0,BUY,0.3,0.06608901033480444,0.008874586022857338,0.0,0.09347440102318903,0.0,0.0,0.0,0.0,0.05,0.5184379973808508
512100,2025-05-20,6.666369154577817,1.0,0.038784292806317976,0.02651919274482062,0.0,6.646660148177696,56.36419068969121,38.18185583207259,0.09295597243574338,0.0,1.0,BUY,0.3,0.06615106436423626,0.020902687291769438,0.0,0.09764773297569924,0.0,0.0,0.0,0.0,0.05,0.534701484631705
512100,2025-05-21,6.615003831034606,1.0,0.015607304291518888,0.0241499752082327,0.0,3.9501919813226514,53.21831834364555,36.43513827916449,0.09417740921298856,0.0,0.9830069908538673,BUY,0.3,0.027326997010647582,0.019083135494957767,0.0,0.08659685834826203,0.0,0.0,0.0,0.0,0.05,0.48300699085386734
512100,2025-05-22,6.6992663514726125,1.0,0.02231421859339374,0.0012614853685131155,0.0,5.2568799701280735,57.41709000718022,33.20800474644041,0.08987990369760457,0.0,0.9840338538308984,BUY,0.3,0.038861101424298515,0.0010091540355750119,0.0,0.09416359837102482,0.0,0.0,0.0,0.0,0.05,0.4840338538308983
512100,2025-05-23,6.736841115299982,1.0,0.03747591043429831,-0.010571265870233493,0.0,6.811264670077785,59.176640240465495,31.78618715294477,0.08884200911850419,0.0,1.0,BUY,0.3,0.06404997291800321,-0.008436908391341874,0.0,0.09788962363110697,0.0,0.0,0.0,0.0,0.05,0.5035026881577683
512100,2025-05-26,6.784493803100644,1.0,0.04618108978552771,-0.02562205198897516,0.0,6.087594264320147,61.357403201693955,31.409646368326154,0.0897986381530863,0.0,1.0,BUY,0.3,0.07777207193262993,-0.02021531375011667,0.0,0.09660334192221637,0.0,0.0,0.0,0.0,0.05,0.5041601001047297
512100,2025-05-27,6.802676488302905,1.0,0.046729161563362404,-0.015436039023520864,0.0,5.285160291429071,62.18742831952211,31.603697593513793,0.09354815787456731,0.0,1.0,BUY,0.3,0.0786148208101773,-0.01228644115041594,0.0,0.09426948113537115,0.0,0.0,0.0,0.0,0.05,0.5105978607951325
512100,2025-05-28,6.8247528645443065,1.0,0.0454217992548243,-0.013049402196033455,0.0,4.309133491524753,63.22039530012853,31.50510295573786,0.09510917805333266,0.0,1.0,BUY,0.3,0.0766002210273611,-0.010401761796472475,0.0,0.08929662038144734,0.0,0.0,0.0,0.0,0.05,0.505495079612336
512100,2025-05-29,6.697800115394475,0.7,0.024380340880790517,0.012778210168980952,0.0,2.2298371094153593,54.07241903244474,28.529499464838075,0.09811932606117457,0.0,0.8756727656460256,HOLD,0.21,0.04237343900267977,0.010187107436041296,0.0,0.06311221920730452,0.0,0.0,0.0,0.0,0.05,0.3756727656460256
512100,2025-05-30,6.764176680167351,1.0,0.035554947945701666,0.005659508900908827,0.0,1.1520046800821813,57.532467599508614,25.61176290779483,0.10009290442149961,0.0,0.952084253753332,BUY,0.3,0.0609419837885486,0.004524515907311912,0.0,0.03661775405747162,0.0,0.0,0.0,0.0,0.05,0.4520842537533321
512100,2025-06-02,6.721009207817141,1.0,0.03148591948150337,0.015201086220444804,0.0,2.1938743186427154,54.64898551045129,24.363241414125383,0.10065800882655555,0.0,0.9287589903768803,BUY,0.3,0.054272236283951135,0.012101273778490929,0.0,0.06238548031443826,0.0,0.0,0.0,0.0,0.0,0.42875899037688026
512100,2025-06-03,6.720889143731505,0.7,0.031640368313909165,-0.0034472555076645595,0.0,2.91631851310226,54.64078270615885,21.877027179812497,0.09686977750481653,0.0,0.8367331769208928,HOLD,0.21,0.05452744557152031,-0.0027571054707460287,0.0,0.07496283682011844,0.0,0.0,0.0,0.0,0.0,0.3367331769208927
512100,2025-06-04,6.685281368540278,0.35,0.020404528577918735,0.011663697646809634,0.0,1.7663122555135655,52.1411441904713,18.02975074500917,0.09663190645095275,0.0,0.7028014287216193,HOLD,0.105,0.03559636283550123,0.009303971549830216,0.0,0.05290109433628785,0.0,0.0,0.0,0.0,0.0,0.20280142872161927
512100,2025-06-05,6.6995240849408235,0.35,0.023724386154575637,0.003196710823030635,0.0,0.4849823724180713,53.066013589078736,14.840428254293771,0.09852259274179254,0.0,0.6648441901716158,HOLD,0.105,0.04126067227201767,0.0025568112864063275,0.0,0.016026706613191836,0.0,0.0,0.0,0.0,0.0,0.16484419017161583
512100,2025-06-06,6.748143382915154,0.6499999999999999,0.02642864159978668,-0.004055153804920053,0.0,0.3679218018483634,56.17915860252359,14.287145257921548,0.09722934586985728,0.0,0.749793437749088,BUY,0.19499999999999998,0.0458334822041567,-0.0032429854483143348,0.0,0.012202940993245613,0.0,0.0,0.0,0.0,0.0,0.24979343774908797
512100,2025-06-09,6.669012896456146,0.35,0.010946537142362078,0.002433476047947414,0.0,-0.8617009903734918,50.32800549278823,14.517109821149692,0.09953087958799202,0.0,0.598204671993185,HOLD,0.105,0.01921680649863133,0.001946534935202887,0.0,-0.02795866944064919,0.0,0.0,0.0,0.0,0.0,0.09820467199318501
512100,2025-06-10,6.691774175389428,0.35,0.02252556173398589,0.001156785086990797,0.0,0.08665047180394207,51.88048190462374,15.882216667754365,0.09787378940489434,0.0,0.6480342991074056,HOLD,0.105,0.03922135133478864,0.0009254016520831231,0.0,0.0028875461205338238,0.0,0.0,0.0,0.0,0.0,0.1480342991074056
512100,2025-06-11,6.658261563241816,0.35,0.014143767264819638,0.013319488720541783,0.0,-2.1525690834449382,49.430812579601934,16.439584794836808,0.09453887141147099,0.0,0.5788655152573472,HOLD,0.105,0.024787336856554723,0.010615444861725653,0.0,-0.061537266460933174,0.0,0.0,0.0,0.0,0.0,0.07886551525734721
512100,2025-06-12,6.766375120733733,0.6499999999999999,0.025506610704617638,-0.014599195681466615,0.0,-1.3096941247577798,56.5573184659968,16.200263176816687,0.09742666044740243,0.0,0.6865729511531727,BUY,0.19499999999999998,0.04427878025182866,-0.011626539700686094,0.0,-0.04107928939796981,0.0,0.0,0.0,0.0,0.0,0.18657295115317274
512100,2025-06-13,6.678442660131703,0.35,0.011557747673693131,0.0019922243202341594,0.0,-1.5942186088232413,50.34312723007414,14.09152148999736,0.09874340980421385,0.0,0.5782319830625011,HOLD,0.105,0.02028386509579784,0.0015936445228399367,0.0,-0.04864552655613665,0.0,0.0,0.0,0.0,0.0,0.07823198306250112
512100,2025-06-16,6.60063749927696,0.35,0.006612318975074638,0.008654520916237418,0.0,-1.7080642557156647,45.571833354152034,12.910789487252346,0.09763844948732439,0.0,0.5720508885258946,SELL,0.105,0.011626838458865274,0.006912574780442833,0.0,-0.05148852471341349,0.0,0.0,0.0,0.0,0.0,0.07205088852589463
512100,2025-06-17,6.574665029549122,0.35,0.0074778412063044135,0.028332761303340614,0.0,-1.480396677615564,44.07031161095356,12.74953445846291,0.09292747408529463,0.0,0.5947349152766039,SELL,0.105,0.01314532294893543,0.022285859286195423,0.0,-0.04569626695852688,0.0,0.0,0.0,0.0,0.0,0.09473491527660396
512100,2025-06-18,6.50413383390527,0.35,-0.0032984361327376473,0.02610022053000538,0.0,-1.7761259066517912,40.197008055819,13.97970331538678,0.086905128186277,0.0,0.5666417677000672,SELL,0.105,-0.005803900571637557,0.020581930660771807,0.0,-0.05313626238906699,0.0,0.0,0.0,0.0,0.0,0.06664176770006726
512100,2025-06-19,6.489092555103105,0.35,-0.015335093176754756,0.01689911681804579,0.0,-3.5314571699202006,39.40169427332087,16.121616669362446,0.08426705188907173,0.0,0.5089271987393086,SELL,0.105,-0.02685517048133286,0.013437526562117795,0.0,-0.0826551573414764,0.0,0.0,0.0,0.0,0.0,0.008927198739308542
512100,2025-06-20,6.450452435381855,0.35,-0.013418667827127473,0.018892611807446724,0.0,-4.848106819194893,37.35688047066878,17.94432671078776,0.0821501699566154,0.0,0.5040687933565616,SELL,0.105,-0.02352655232973133,0.015000044820630627,0.0,-0.09240469913433766,0.0,0.0,0.0,0.0,0.0,0.0040687933565616285
512100,2025-06-23,6.459747205352075,0.35,-0.012176233300047412,0.00682437195892438,0.0,-5.6017143388386055,38.18787357791811,20.32462851101584,0.08471599255769156,0.0,0.49375712675359296,SELL,0.105,-0.02136264552756585,0.00545407981283079,0.0,-0.09533430753167196,0.0,0.0,0.0,0.0,0.0,-0.00624287324640703
512100,2025-06-24,6.540344594864478,0.35,-0.0016261412383286392,-0.007898182885535787,0.0,-4.231113197436121,45.0009916667053,22.10927717406501,0.0851625357130094,0.0,0.5070707114467191,SELL,0.105,-0.0028618471373655025,-0.006310150987964879,0.0,-0.08875729042795046,0.0,0.0,0.0,0.0,0.0,0.007070711446719155
512100,2025-06-25,6.548424244015661,0.35,-0.00577117632037938,-0.015188362307179126,0.0,-4.466489306507602,45.64775579336929,24.17689789946891,0.08166083528886693,0.0,0.49244777835744374,HOLD,0.105,-0.010150059344078284,-0.012091243588391268,0.0,-0.09031091871008669,0.0,0.0,0.0,0.0,0.0,-0.007552221642556242
512100,2025-06-26,6.563670643734514,0.35,0.00291209484855659,-0.016087849118358033,0.0,-2.436412890716784,46.91631747829682,25.363282862067553,0.07982221438160954,0.0,0.5802478963841129,HOLD,0.105,0.005124359903729322,-0.012799684148216915,0.0,-0.06707677937139955,0.0,0.0,0.0,0.0,0.05,0.08024789638411285
512100,2025-06-27,6.482885830630715,0.35,-0.006056343474497329,0.008785280867139589,0.0,-5.0890455929505976,41.4023275057413,26.81732173638314,0.07994476533279109,0.0,0.557870739837179,SELL,0.105,-0.010650831632249745,0.00701667532013733,0.0,-0.09349510385070853,0.0,0.0,0.0,0.0,0.05,0.05787073983717907
512100,2025-06-30,6.4749202138636885,0.35,8.131545292375773e-05,0.011224689698310919,0.0,-4.514724195703713,40.891993270778926,27.765963335107923,0.08043267844207902,0.0,0.573495683792753,SELL,0.105,0.00014311517695794035,0.008955692997743245,0.0,-0.09060312438194824,0.0,0.0,0.0,0.0,0.05,0.07349568379275294
512100,2025-07-01,6.444610764902824,0.35,-0.013047465288154945,0.018139221983257348,0.0,-5.061103780526293,38.92586634935229,29.55494571072432,0.07978522160451552,0.0,0.553153018066915,SELL,0.105,-0.022880503872720077,0.01441036809003826,0.0,-0.0933768461504032,0.0,0.0,0.0,0.0,0.05,0.053153018066914984
512100,2025-07-02,6.499774645298402,0.35,-7.529517747817752e-06,-0.002605138376475802,0.0,-3.296472736765279,44.185790683665374,31.999995510713628,0.07627248629807104,0.0,0.5728953098855117,HOLD,0.105,-1.325195122013148e-05,-0.0020838090078927718,0.0,-0.08000762915537533,0.0,0.0,0.0,0.0,0.05,0.07289530988551175
512100,2025-07-03,6.442610402558977,0.35,-0.004545478218034551,0.004989993735448839,0.0,-4.494572588894562,40.311392015074496,35.62193923246718,0.07665063894684547,0.0,0.5605112790160081,SELL,0.105,-0.007996517301981983,0.0039898757882840565,0.0,-0.090482079470294,0.0,0.0,0.0,0.0,0.05,0.06051127901600806
512100,2025-07-04,6.3785201704319485,0.0,-0.017390689278193205,0.010255172404018964,0.0,-6.501441222526313,36.45219111294226,37.8891902577511,0.07646147908645265,0.0,0.43036241943489756,SELL,0.0,-0.030411650812875068,0.008185780574627722,0.0,-0.09741171032685508,0.0,0.0,0.0,0.0,0.05,-0.06963758056510243
512100,2025-07-07,6.405240750536974,0.0,-0.006740518001874795,0.014544180363208259,0.0,-4.773451952627591,39.07116511342661,38.80242809873656,0.07637768719891001,0.0,0.4576987369715767,SELL,0.0,-0.011851826276886168,0.011583120168986348,0.0,-0.0920325569205235,0.0,0.0,0.0,0.0,0.05,-0.042301263028423325
512100,2025-07-08,6.559871183311765,0.3,0.01361639194786519,-0.018200818212787295,0.0,-1.952547627653684,51.5222417714628,37.58827250375822,0.0837653426013635,0.0,0.5921877532483876,BUY,0.09,0.023870508675671046,-0.01445861836402963,0.0,-0.057224137063253834,0.0,0.0,0.0,0.0,0.05,0.09218775324838757
512100,2025-07-09,6.548513530663567,0.3,0.014624451702263563,-0.026650908939605422,0.0,-1.6397320308514545,50.70265854829106,35.51719175079035,0.08279016340947809,0.0,0.5948237411640832,BUY,0.09,0.025622236040180733,-0.02100343404025141,0.0,-0.04979506083584611,0.0,0.0,0.0,0.0,0.05,0.09482374116408321
512100,2025-07-10,6.564220146095281,0.3,0.007771600367644415,-0.024820206101539455,0.0,-3.2248590553684853,51.843517044812195,33.823974020629755,0.0806962126152726,0.0,0.5549291595802827,HOLD,0.09,0.013660419923968584,-0.01959926113182985,0.0,-0.0791319992118561,0.0,0.0,0.0,0.0,0.05,0.05492915958028265
512100,2025-07-11,6.641390839141705,0.6499999999999999,0.02448696964815713,-0.012427020828903679,0.0,-0.5967105636769057,57.09703329630838,32.46429710935786,0.07930471305623175,0.0,0.7580129883203959,BUY,0.19499999999999998,0.042554113983203,-0.009908992731529613,0.0,-0.01963213293127755,0.0,0.0,0.0,0.0,0.05,0.2580129883203958
512100,2025-07-14,6.684552220633853,0.6499999999999999,0.03719820427245506,-0.020773980130495362,0.0,1.4116014102075,59.7423139016441,32.33425808575025,0.07787711864659912,0.0,0.8359975506630208,BUY,0.19499999999999998,0.06360234897578441,-0.01646785002553137,0.0,0.043863051712767796,0.0,0.0,0.0,0.0,0.05,0.3359975506630208
512100,2025-07-15,6.7285215591677,0.6499999999999999,0.04460432925959483,-0.025029845041097953,0.0,2.591518639862866,62.29293766201121,32.272123038997506,0.08155246577658705,0.0,0.8703956127936969,BUY,0.19499999999999998,0.07533302762191071,-0.01976047683462985,0.0,0.06982306200641604,0.0,0.0,0.0,0.0,0.05,0.37039561279369687
512100,2025-07-16,6.723392343780181,0.6499999999999999,0.03984977707120296,-0.012347037935968475,0.0,3.918814751799204,61.80103516289946,32.11349048270513,0.08506678829488269,0.0,0.8893396355104592,BUY,0.19499999999999998,0.0678523688139803,-0.009845630678121269,0.0,0.08633289737460022,0.0,0.0,0.0,0.0,0.05,0.3893396355104592
512100,2025-07-17,6.719836864694264,0.6499999999999999,0.04020436870654458,-0.0052785351801867275,0.0,4.150329338637424,61.43886283806911,32.3861042260718,0.08539647742260044,0.0,0.8973682639357773,BUY,0.19499999999999998,0.06841659057420446,-0.004220319845166563,0.0,0.08817199320673948,0.0,0.0,0.0,0.0,0.05,0.3973682639357773
512100,2025-07-18,6.661496702917232,0.6499999999999999,0.03289338673395455,0.00996130511897464,0.0,3.7530140815571285,55.67355322118779,32.564571385065115,0.08754309751743206,0.0,0.8944008161326837,BUY,0.19499999999999998,0.05659208550500555,0.007952217522692241,0.0,0.08485651310498593,0.0,0.0,0.0,0.0,0.05,0.39440081613268374
512100,2025-07-21,6.70290775762333,0.6499999999999999,0.03139260865713038,0.0030467634654403053,0.0,4.288764344246222,58.64036191157005,33.22771583523632,0.09115573611628092,0.0,0.8907131194206366,BUY,0.19499999999999998,0.054117975209067415,0.00243692820078369,0.0,0.08915821601078555,0.0,0.0,0.0,0.0,0.05,0.39071311942063663
512100,2025-07-22,6.74274081359025,0.6499999999999999,0.026719622299821236,-0.003408408471390567,0.0,3.649900028380972,61.32201434726827,32.79935863174729,0.09079945536990401,0.0,0.8724629173134786,BUY,0.19499999999999998,0.046323142044948445,-0.002726051200705754,0.0,0.08386582646923592,0.0,0.0,0.0,0.0,0.05,0.3724629173134786
512100,2025-07-23,6.803330909470696,0.6499999999999999,0.031117079699281812,-0.02129164253603122,0.0,4.506110667255659,65.03560842974797,34.001794935122064,0.08991547561325033,0.0,0.8723432349462219,BUY,0.19499999999999998,0.05366214170565357,-0.016870472273830713,0.0,0.09055156551439908,0.0,0.0,0.0,0.0,0.05,0.3723432349462219
512100,2025-07-24,6.766067340437497,0.6499999999999999,0.024918176397667267,-0.009422714006818156,0.0,3.505941590948517,61.147176646556495,35.75881512812258,0.08761744999087455,0.0,0.863144029063555,BUY,0.19499999999999998,0.043284153227789744,-0.007523925277352341,0.0,0.08238380111311762,0.0,0.0,0.0,0.0,0.05,0.363144029063555
512100,2025-07-25,6.836039389000576,0.6499999999999999,0.03634220585028509,-0.013836891850014466,0.0,6.5131397324956835,65.33802034373062,38.361876662009294,0.09050855120715871,0.0,0.8936260310909461,BUY,0.19499999999999998,0.06221899229874185,-0.01102452088597563,0.0,0.09743155967817996,0.0,0.0,0.0,0.0,0.05,0.3936260310909461
512100,2025-07-28,6.931607339000845,0.6499999999999999,0.054274985463604736,-0.018854944914053595,1.0,8.130903433844528,70.08427255521431,43.36773139654464,0.08858059354548534,0.0,1.0,BUY,0.19499999999999998,0.08994155008213726,-0.014970587983479569,0.1,0.0991190017544421,0.0,0.0,0.0,0.0,0.05,0.5190899638530998
512100,2025-07-29,6.833265177767064,1.0,0.04145251706203634,-0.009931594521378484,0.0,6.432330604091409,60.850599882451355,45.688824835727175,0.09410860904523359,0.0,1.0,BUY,0.3,0.07039467369800509,-0.007928598905179223,0.0,0.09729132111139238,0.0,0.0,0.0,0.0,0.05,0.5097573959042182
512100,2025-07-30,6.811518509829534,1.0,0.030279136736739744,0.003587000860541756,0.0,5.115952853314225,58.99945850330796,47.45544183923872,0.09518530099686741,0.0,0.9987487214882305,BUY,0.3,0.052272855319665225,0.002868813279888937,0.0,0.09360705288867635,0.0,0.0,0.0,0.0,0.05,0.4987487214882305
512100,2025-07-31,6.910151225399418,1.0,0.046175159197138084,0.003095402343508913,0.0,7.7543914103708715,64.3035680363312,49.140153321091326,0.09952813772081973,0.0,1.0,BUY,0.3,0.07776293834879924,0.0024758158247081947,0.0,0.09886905640224365,0.0,0.0,0.0,0.0,0.05,0.5291078105757511
512100,2025-08-01,6.858914745481427,1.0,0.037040768739610576,-0.003753632713950239,0.0,8.202623302864751,59.96390716337777,48.92422363787358,0.10179914338238483,0.0,1.0,BUY,0.3,0.06334832889601748,-0.003002003878525168,0.0,0.09915996120882696,0.0,0.0,0.0,0.0,0.05,0.5095062862263193
512100,2025-08-04,6.90504197821938,1.0,0.03822000876596585,-0.013730193679263314,0.0,8.475382994191127,62.42263173622834,48.30990236737804,0.0985174602993278,0.0,1.0,BUY,0.3,0.06524649497980232,-0.010940191882357168,0.0,0.09929914090147672,0.0,0.0,0.0,0.0,0.05,0.5036054439989219
512100,2025-08-05,6.90837650601709,1.0,0.03450441408265181,0.000256827864461906,0.0,6.741598141272714,62.601434719283084,47.741610575925414,0.0940408181370057,0.0,1.0,BUY,0.3,0.05923097767339561,0.00020546200245201492,0.0,0.09779040520157949,0.0,0.0,0.0,0.0,0.05,0.5072268448774272
512100,2025-08-06,6.938431756254765,1.0,0.036273454652015986,-0.011593235041406968,1.0,7.6134345514165656,64.25250188368418,47.18503426853208,0.08772079238978023,0.0,1.0,BUY,0.3,0.062107651058052424,-0.009248086501807227,0.1,0.09875831842217564,0.0,0.0,0.0,0.0,0.05,0.6016178829784209
512100,2025-08-07,6.94432023421272,1.0,0.028866248339473335,-0.005688344273247825,1.0,7.391532661140742,64.58241240369446,47.08628982270015,0.0869318743266717,0.0,1.0,BUY,0.3,0.04992034109914071,-0.004547536740823801,0.1,0.09856177199338396,0.0,0.0,0.0,0.0,0.05,0.593934576351701
512100,2025-08-08,7.009138879097226,1.0,0.03891739641253849,-0.014585535833545604,1.0,7.184975465568749,68.07511372291472,46.955028869048924,0.08953592553656785,0.0,1.0,BUY,0.3,0.06636407819164962,-0.01161575940457795,0.1,0.09835118724116898,0.0,0.0,0.0,0.0,0.05,0.6030995060282407
512100,2025-08-11,6.9258828861995125,1.0,0.025103434591452544,0.0018086032256410256,0.0,4.34685622360442,59.90371390359852,46.21831221966878,0.09136879039126734,0.0,0.9845928232640394,BUY,0.3,0.04359749479572858,0.0014467816221629096,0.0,0.08954854684614798,0.0,0.0,0.0,0.0,0.05,0.4845928232640394
512100,2025-08-12,6.852607883783851,1.0,0.013336070533713352,0.01320681468245477,0.0,2.128272466510365,53.784568232898536,42.37347549038729,0.0920989191998655,0.0,0.9449407071805653,BUY,0.3,0.023382833412885256,0.010526312884624476,0.0,0.06103156088305563,0.0,0.0,0.0,0.0,0.05,0.44494070718056533
512100,2025-08-13,6.975640719985293,1.0,0.032971433649095584,0.004779211781896886,0.0,3.9718313050848786,60.990040072837935,39.3522762288416,0.10066287058806152,0.0,0.9973179796787572,BUY,0.3,0.05672033807617698,0.00382150749415793,0.0,0.08677613410842228,0.0,0.0,0.0,0.0,0.05,0.4973179796787572
512100,2025-08-14,7.154108018930416,1.0,0.05528137054193645,-0.03295249666806588,1.0,5.982648624325978,68.63029915815365,36.77218281714354,0.11153322718357694,0.0,1.0,BUY,0.3,0.09141187524704907,-0.025767828723843936,0.1,0.09636166638298749,0.0,0.0,0.0,0.0,0.05,0.6120057129061927
512100,2025-08-15,7.156361324985592,1.0,0.05469798986469128,-0.044326692312360194,1.0,7.099536791975499,68.71361626214099,33.804614211999606,0.10657887217113458,0.0,1.0,BUY,0.3,0.09056074657653196,-0.03404606991827704,0.1,0.09825538916110255,0.0,0.0,0.0,0.0,0.05,0.6047700658193575
512100,2025-08-18,7.306381505082472,1.0,0.07557132820587682,-0.047413678309091045,1.0,8.073379198900877,73.71844313880032,33.92410347172352,0.1079017408089478,0.0,1.0,BUY,0.3,0.11886466595922615,-0.03621075934711806,0.1,0.0990847173459023,0.0,0.0,0.0,0.0,0.05,0.6317386239580104
512100,2025-08-19,7.241491369970029,1.0,0.06596418296842133,-0.012214429920318182,0.0,6.416144409362509,68.60620837914928,34.132524086590585,0.10972788887360137,0.0,1.0,BUY,0.3,0.10639888852626227,-0.009740561694644427,0.0,0.09726233629856335,0.0,0.0,0.0,0.0,0.05,0.5439206631301812
512100,2025-08-20,7.1980494416386795,1.0,0.04918169211088241,-0.005825323060133725,0.0,4.9805921542343,65.33939129504228,32.715673012869225,0.10565693326424595,0.0,1.0,BUY,0.3,0.08235340688863448,-0.004656887658550157,0.0,0.09302437649895468,0.0,0.0,0.0,0.0,0.05,0.520720895729039
512100,2025-08-21,7.326677506467872,1.0,0.0685469105542711,-0.0027778458285105945,1.0,6.943531935590531,69.90836364074241,34.466726462727266,0.10742383475698596,0.0,1.0,BUY,0.3,0.1098463366413726,-0.0022219109102776984,0.1,0.09806602179394219,0.0,0.0,0.0,0.0,0.05,0.6556904475250371
512100,2025-08-22,7.400158794513155,1.0,0.07143535449671658,-0.021910876701601634,1.0,6.920384505290814,72.16566191669185,36.59306676259429,0.11147480945678158,0.0,1.0,BUY,0.3,0.11361843845359915,-0.017351354419918235,0.1,0.09803624122272048,0.0,0.0,0.0,0.0,0.05,0.6443033252564014
512100,2025-08-25,7.545624642253162,1.0,0.08206387958482161,-0.04828741500493994,1.0,7.238917545557148,76.00329708224523,38.88716113709415,0.12022895323100359,0.0,1.0,BUY,0.3,0.12672810422983413,-0.036816552699123664,0.1,0.09840896404966812,0.0,0.0,-0.1,0.0,0.05,0.5383205155803786
512100,2025-08-26,7.590918531104595,1.0,0.097662385851544,-0.03606560059501129,1.0,9.695392153390571,77.06369646335062,40.690288304277296,0.12200364393715939,0.0,1.0,BUY,0.3,0.1437593774823789,-0.02807764786896902,0.1,0.09968864930605761,0.0,0.0,-0.1,0.0,0.05,0.5653703789194675
512100,2025-08-27,7.501569222836703,1.0,0.08980333495915754,-0.013703817869251456,0.0,8.496374166658729,70.45012672727609,41.164522660671516,0.12304489579933676,0.0,1.0,BUY,0.3,0.1355054373663131,-0.010919343302388322,0.0,0.0993088468390701,0.0,0.0,0.0,0.0,0.05,0.573894940902995
512100,2025-08-28,7.524545991428964,1.0,0.0806106421761134,0.00279349315975308,0.0,7.591326707215721,71.13612523538833,41.20810320646048,0.11865944542840401,0.0,1.0,BUY,0.3,0.1250076534383126,0.002234422560477092,0.0,0.09873999844072776,0.0,0.0,0.0,0.0,0.05,0.5759820744395174
512100,2025-08-29,7.63593959949591,1.0,0.09434168224193418,-0.005930911813482931,1.0,9.772412854355464,74.2563999533269,42.84506592734544,0.12091352759533665,0.0,1.0,BUY,0.3,0.14035216376315418,-0.004741172136760582,0.1,0.09970420971799096,0.0,0.0,0.0,0.0,0.05,0.6853152013443846
512100,2025-09-01,7.626678560662123,1.0,0.08810580474530905,-0.016677755561403718,0.0,8.946219166947515,73.54457540163129,46.203598716966304,0.12232717420792996,0.0,1.0,BUY,0.3,0.1336356989377449,-0.013263593994135299,0.0,0.09948746931029734,0.0,0.0,0.0,0.0,0.05,0.569859574253907
512100,2025-09-02,7.603362262019464,1.0,0.08159951739875157,-0.01047455496720695,0.0,8.539159827607843,71.68149869014047,47.862904422440586,0.11771253120719326,0.0,1.0,BUY,0.3,0.12618084593813983,-0.008360085391183497,0.0,0.099328217343736,0.0,0.0,0.0,0.0,0.05,0.5671489778906924
512100,2025-09-03,7.650398492132397,1.0,0.09169926835483114,-0.001893531561910411,1.0,8.707771626978236,73.15870494788311,48.375905428302545,0.10724222785733277,0.0,1.0,BUY,0.3,0.13755704349054051,-0.0015147093914047206,0.1,0.09939942701273047,0.0,0.0,0.0,0.0,0.05,0.6854417611118662
512100,2025-09-04,7.601940292876219,1.0,0.07801162366498134,0.003243648934347698,0.0,7.876524628400851,69.1562909019297,48.402007070104446,0.11009626064582331,0.0,1.0,BUY,0.3,0.1218737024742715,0.002594336865594007,0.0,0.09895702995807924,0.0,0.0,0.0,0.0,0.05,0.5734250692979448
512100,2025-09-05,7.6317855545372515,1.0,0.07819500012684891,-0.003738253096234656,0.0,7.420339101191706,70.23631994726755,46.98046038020823,0.10346384397330922,0.0,1.0,BUY,0.3,0.12209721861570232,-0.002989711227133677,0.0,0.09858893561298943,0.0,0.0,0.0,0.0,0.05,0.5676964430015581
512100,2025-09-08,7.640501187777234,1.0,0.0890780171074556,0.0012936978858475445,0.0,9.064238844301215,70.56051566531261,46.134199386066925,0.10093338220512502,0.0,1.0,BUY,0.3,0.13471033923630046,0.0010349213574646285,0.0,0.09952615762394369,0.0,0.0,0.0,0.0,0.05,0.5852714182177088
512100,2025-09-09,7.598440430990372,1.0,0.0900560595788919,0.00046039060437330637,0.0,9.831576234549498,66.78017433132922,46.17209484330641,0.10339704466206122,0.0,1.0,BUY,0.3,0.13578114499899252,0.0003683108180712444,0.0,0.09971563300427196,0.0,0.0,0.0,0.0,0.05,0.5858650888213358
512100,2025-09-10,7.690752719571736,1.0,0.09732089382615491,-0.007726522792484314,1.0,9.499236799966818,70.51398635465831,44.28438948722904,0.10160583364285872,0.0,1.0,BUY,0.3,0.14341437405287677,-0.006173357958569707,0.1,0.09964522893938166,0.0,0.0,0.0,0.0,0.05,0.6868862450336888
512100,2025-09-11,7.753292807584727,1.0,0.09792027552286553,-0.014762332605605666,1.0,8.64856679392666,72.74871948959084,41.88451532488152,0.09927524798123029,0.0,1.0,BUY,0.3,0.14401910392813677,-0.011755265453096287,0.1,0.09937532395869683,0.0,0.0,0.0,0.0,0.05,0.6816391624337373
512100,2025-09-12,7.723333719682763,1.0,0.09448886104693346,-0.01643670037643674,0.0,8.07300780103697,70.01135352753231,38.40261428557038,0.09586620499993107,0.0,1.0,BUY,0.3,0.14050565634545567,-0.013074094181356561,0.0,0.09908449173266565,0.0,0.0,0.0,0.0,0.05,0.5765160538967649
512100,2025-09-15,7.724881976392235,1.0,0.08497935628464928,-0.0044377004520825825,0.0,6.3842407204257405,70.07402283801125,34.60680301008001,0.09882834607039401,0.0,1.0,BUY,0.3,0.13011064446931858,-0.003548669615276452,0.0,0.09720430759601359,0.0,0.0,0.0,0.0,0.05,0.5737662824500558
512100,2025-09-16,7.702670567640469,1.0,0.0829043541871644,0.00652912784291293,0.0,7.358864195939483,67.88236460600675,31.5165697700662,0.09418208148162213,0.0,1.0,BUY,0.3,0.12771267375588174,0.005218557227143653,0.0,0.09853033797318334,0.0,0.0,0.0,0.0,0.05,0.5814615689562088
512100,2025-09-17,7.6465660739694945,1.0,0.07350939065212864,0.009939703306828251,0.0,7.13753810547838,62.559840469501935,29.32390636788956,0.09964438703956745,0.0,1.0,BUY,0.3,0.11627215716827534,0.007935045121175962,0.0,0.09829866107079412,0.0,0.0,0.0,0.0,0.05,0.5725058633602454
512100,2025-09-18,7.493640593939856,0.7,0.04157389568428006,0.029934616885936793,0.0,2.41701636469514,50.85509364448268,27.990525492783043,0.10568469650272652,0.0,0.9208061182817585,SELL,0.21,0.07058636842138453,0.023500163206954545,0.0,0.0667195866534195,0.0,0.0,0.0,0.0,0.05,0.4208061182817585
512100,2025-09-19,7.452980602658581,0.35,0.037245558972232466,0.03241602542770761,0.0,0.7678189899325706,48.269211607600454,26.002844055111357,0.10126421610564686,0.0,0.7690948119324064,SELL,0.105,0.06367871898801808,0.025366707132342015,0.0,0.025049385812046243,0.0,0.0,0.0,0.0,0.05,0.2690948119324063
512100,2025-09-22,7.400002357201928,0.35,0.022525038298899222,0.03224502533325657,0.0,-2.3407254669161883,45.0546010083857,25.00067567458968,0.10194399400354628,0.0,0.6541745763688187,SELL,0.105,0.03922045936865138,0.025238665376167865,0.0,-0.06528454837600056,0.0,0.0,0.0,0.0,0.05,0.1541745763688187
512100,2025-09-23,7.413016656203292,0.35,0.02442403740575764,0.010758981128847322,0.0,-2.8897045279882816,46.00588994692379,25.02840752530102,0.09971297057767854,0.0,0.6314618490905208,SELL,0.105,0.04244748689888888,0.008585992650207782,0.0,-0.07457163045857586,0.0,0.0,0.0,0.0,0.05,0.1314618490905208
512100,2025-09-24,7.455036493205823,0.35,0.03409497356659137,-0.0002758481011622127,0.0,-0.7910341969136844,49.07178867499007,24.891475019709308,0.0974353915918689,0.0,0.6375680788555645,SELL,0.105,0.05856200912846962,-0.00022067812270314916,0.0,-0.02577325215020191,0.0,0.0,0.0,0.0,0.0,0.13756807885556457
512100,2025-09-25,7.386105615221191,0.35,0.032269381731452204,0.0018779375073053606,0.0,-2.2867284085435746,44.59804245321962,25.75832492514149,0.0999240802119199,0.0,0.6478278236230068,SELL,0.105,0.055565198511515604,0.0015022369864677912,0.0,-0.06423961187497654,0.0,0.0,0.0,0.0,0.05,0.14782782362300684
512100,2025-09-26,7.42201662688364,0.35,0.036626131032010706,-0.0012140766839929817,0.0,-3.8393379586744842,47.29391128739251,26.248795848316977,0.10278031322892105,0.0,0.6310645946777385,SELL,0.105,0.0626784362524129,-0.0009712308070788996,0.0,-0.08564261076759551,0.0,0.0,0.0,0.0,0.05,0.1310645946777385
512100,2025-09-29,7.339669728003971,0.35,0.02626671621753271,0.015475010123289445,0.0,-4.9439627317438015,42.22048705481288,26.716636114027057,0.10037252455549948,0.0,0.6200198403950709,SELL,0.105,0.0455607894709446,0.012317146217379244,0.0,-0.09285809529325298,0.0,0.0,0.0,0.0,0.05,0.12001984039507087
512100,2025-09-30,7.331423534290488,0.35,0.017676842693300963,0.007403371110482726,0.0,-4.70079936825669,41.73763426705872,28.565843095133882,0.09816454053324174,0.0,0.6001676253938741,SELL,0.105,0.0309054998897876,0.005915781312837463,0.0,-0.09165365580875093,0.0,0.0,0.0,0.0,0.05,0.10016762539387412
512100,2025-10-01,7.281210400368428,0.35,0.007268326276510074,0.01897142428988796,0.0,-6.481335006497767,38.82583902552181,31.675649147155717,0.09935995130275252,0.0,0.5854622860767085,SELL,0.105,0.012777856726592582,0.015061670337006514,0.0,-0.0973772409868906,0.0,0.0,0.0,0.0,0.05,0.08546228607670849
512100,2025-10-02,7.349173827369309,0.35,0.021074039790390506,-0.0012948946911162107,0.0,-4.2470080758362165,44.47240600673927,34.60336001528917,0.09691254517755128,0.0,0.6018377701856475,SELL,0.105,0.03674284936563123,-0.001035878699036439,0.0,-0.08886920048094725,0.0,0.0,0.0,0.0,0.05,0.10183777018564755
512100,2025-10-03,7.362264743146364,0.35,0.016021369813996454,-0.004206714932185385,0.0,-4.549234282075558,45.51560707089115,37.936585687817164,0.09700044948997055,0.0,0.5888730846318512,SELL,0.105,0.028044210618387338,-0.00336410201144918,0.0,-0.090807023975087,0.0,0.0,0.0,0.0,0.05,0.08887308463185116
512100,2025-10-06,7.355329378514636,0.35,0.015814794716068545,-0.010179485836923075,0.0,-4.824802079900781,45.032911684977904,41.50951699091013,0.10333587803951952,0.0,0.582270479499779,SELL,0.105,0.027686471289883708,-0.0081256340695885,0.0,-0.09229035772051629,0.0,0.0,0.0,0.0,0.05,0.08227047949977892
512100,2025-10-07,7.3029373885246835,0.35,0.008889456879608425,0.006291379130594854,0.0,-4.9960715129565445,41.456210283456784,44.10793743627596,0.10278912176320969,0.0,0.5825544609610447,SELL,0.105,0.015619122076166034,0.005028857632449007,0.0,-0.09309351874757035,0.0,0.0,0.0,0.0,0.05,0.08255446096104467
512100,2025-10-08,7.27689441490231,0.35,0.0029946362762923832,0.011595661283917535,0.0,-7.6397916828697054,39.765498990882755,44.20751591687172,0.09029383740200801,0.0,0.5707397486231104,SELL,0.105,0.005269551745523115,0.009250010891601435,0.0,-0.09877981401401413,0.0,0.0,0.0,0.0,0.05,0.07073974862311042
512100,2025-10-09,7.439378223696759,0.35,0.019610225851686522,-0.01142693152908092,0.0,-4.646246340250639,52.72095615997464,42.14631110359931,0.1001660435043744,0.0,0.5887595596955935,HOLD,0.105,0.034233605864227044,-0.00911616541494708,0.0,-0.0913578807536865,0.0,0.0,0.0,0.0,0.05,0.08875955969559345
512100,2025-10-10,7.397472135870443,0.35,0.01770250840279832,-0.012944756652892186,0.0,-4.825975062254376,49.748992935514686,39.65698895732049,0.10162273196166931,0.0,0.5833346827898491,HOLD,0.105,0.030949778820679896,-0.010318943953305931,0.0,-0.09229615207752478,0.0,0.0,0.0,0.0,0.05,0.08333468278984917
512100,2025-10-13,7.442839967058035,0.6499999999999999,0.022081853039400398,-0.02280444688270933,0.0,-4.091233494419738,52.84795505918621,36.53975812473784,0.10122018421167292,0.0,0.6776950808318787,BUY,0.19499999999999998,0.038464768911113514,-0.01804381771896628,0.0,-0.08772587036026847,0.0,0.0,0.0,0.0,0.05,0.17769508083187874
512100,2025-10-14,7.435607344131833,0.6499999999999999,0.022408613470402815,0.0005068810123021184,0.0,-3.885863491855495,52.29427594492989,34.90174837731234,0.1016172208449582,0.0,0.698377018356569,BUY,0.19499999999999998,0.039022031137852194,0.0004055025872283452,0.0,-0.08605051536851151,0.0,0.0,0.0,0.0,0.05,0.198377018356569
512100,2025-10-15,7.478658795162211,1.0,0.02931389659814116,-0.01097491924276306,0.0,-2.447298061199323,55.29653261250155,32.794011554150416,0.1033249236754522,0.0,0.8246337013266836,BUY,0.3,0.05066702634918813,-0.008757444036521388,0.0,-0.0672758809859831,0.0,0.0,0.0,0.0,0.05,0.3246337013266836
512100,2025-10-16,7.556614169164243,1.0,0.043141070626632215,-0.015286396403761504,0.0,1.033085206468977,60.18293792514004,30.89208312388738,0.1047815718996493,0.0,0.9440186769787346,BUY,0.3,0.07305061463269612,-0.01216851692965866,0.0,0.033136579275697124,0.0,0.0,0.0,0.0,0.05,0.4440186769787346
512100,2025-10-17,7.527387135770011,1.0,0.03960184554075854,-0.012343281105424486,0.0,1.2351899747624082,57.63910342040364,28.968096560512276,0.10428202799109146,0.0,0.946608682448906,BUY,0.3,0.06745727588666274,-0.009842654338783105,0.0,0.038994060901026355,0.0,0.0,0.0,0.0,0.05,0.44660868244890595
512100,2025-10-20,7.594360415196018,1.0,0.04529715826066383,-0.01547090503830062,0.0,3.250950062981829,61.64031914745608,27.44663189004624,0.10678208873257893,0.0,0.9935483422971974,BUY,0.3,0.07640738027172343,-0.012313911959588834,0.0,0.07945487398506268,0.0,0.0,0.0,0.0,0.05,0.4935483422971973
512100,2025-10-21,7.84846523683147,1.0,0.0847239642881584,-0.03862193584769269,1.0,5.4316369658557235,72.3223186381193,26.674292059440017,0.12472405689044105,0.0,1.0,BUY,0.3,0.12981801864067843,-0.029950477235664758,0.1,0.09478872676844602,0.0,0.0,0.0,0.0,0.05,0.6446562681734598
512100,2025-10-22,7.904899468600568,1.0,0.0893915031197156,-0.05015184233538683,1.0,5.566561937539282,74.05061804610799,26.750589485796638,0.12377967145443033,0.0,1.0,BUY,0.3,0.13505467996588932,-0.03809878597850208,0.1,0.0952263166760361,0.0,0.0,0.0,0.0,0.05,0.6421822106634234
512100,2025-10-23,8.06096572154334,1.0,0.10653237434539749,-0.06144102739891877,1.0,8.265517575562708,78.11967772649598,26.974402338431954,0.12847205633308142,0.0,1.0,BUY,0.3,0.15229451141022995,-0.04554285187444448,0.1,0.0991943164548733,0.0,0.0,-0.1,0.0,0.05,0.5559459759906589
512100,2025-10-24,8.110561232325665,1.0,0.1150957023883502,-0.033394553914085634,1.0,8.387487990666063,79.23406605952353,27.62446604123472,0.12600344619019202,0.0,1.0,BUY,0.3,0.15977706960187713,-0.02609769114342522,0.1,0.09925700294421078,0.0,0.0,-0.1,0.0,0.05,0.5829363814026628
512100,2025-10-27,8.022938463957823,1.0,0.10273585137921037,-0.014932384127859466,0.0,8.432962361324169,72.23426956417984,28.055203373876576,0.1291689468798824,0.0,1.0,BUY,0.3,0.14874101483716018,-0.011889405233716116,0.0,0.09927910984446552,0.0,0.0,0.0,0.0,0.05,0.5861307194479096
512100,2025-10-28,8.052529692272246,1.0,0.09682894907662459,0.0010465283642812073,0.0,8.972757440038203,73.0985985590151,29.494273776009823,0.1332484800117217,0.0,1.0,BUY,0.3,0.14291520646214165,0.0008372031304930867,0.0,0.09949643472274837,0.0,0.0,0.0,0.0,0.05,0.5932488443153832
512100,2025-10-29,8.023664549609396,1.0,0.09221735718167452,0.010714015988182335,0.0,9.43881592119763,70.78387200608445,32.27900570277987,0.1264207878719644,0.0,1.0,BUY,0.3,0.1381109595044713,0.008550284620137873,0.0,0.0996306737647698,0.0,0.0,0.0,0.0,0.05,0.5962919178893791
512100,2025-10-30,7.96933400317741,1.0,0.07462519333188641,0.006681399966013135,0.0,7.633745344358247,66.51451825787754,35.104883455688864,0.12646834596684128,0.0,1.0,BUY,0.3,0.11768074985073788,0.005340035392739632,0.0,0.09877491583779491,0.0,0.0,0.0,0.0,0.05,0.5717957010812724
512100,2025-10-31,7.965420880673977,1.0,0.06833165035636576,0.01081757099037639,0.0,7.386593684242567,66.20478967189356,38.07766829944444,0.1264875344412255,0.0,1.0,BUY,0.3,0.10956168427059575,0.008632517127540259,0.0,0.09855706282729734,0.0,0.0,0.0,0.0,0.05,0.5667512642254334
512100,2025-11-03,7.95365594650793,1.0,0.07446651969879091,0.008725265453037201,0.0,7.325644904810698,65.22144449140713,40.108939552856214,0.1245550687620177,0.0,1.0,BUY,0.3,0.11748125555501307,0.006968897765590941,0.0,0.09849767468801401,0.0,0.0,0.0,0.0,0.05,0.572947828008618
512100,2025-11-04,7.855514999409867,1.0,0.06683241450828242,0.014282122411002351,0.0,6.616972688980644,57.54329229681527,40.840628432163825,0.12713930426473358,0.0,1.0,BUY,0.3,0.10756561943852463,0.011376236668988493,0.0,0.09760127792560325,0.0,0.0,0.0,0.0,0.05,0.5665431340331164
512100,2025-11-05,8.113816422358743,1.0,0.09832437232941656,-0.018629968699432897,1.0,8.840559029274113,68.16569777926802,41.99786737324914,0.13831416484616113,0.0,1.0,BUY,0.3,0.14442467006424853,-0.014794593488113704,0.1,0.0994501675048044,0.0,0.0,0.0,0.0,0.05,0.6790802440809393
512100,2025-11-06,8.195558668115126,1.0,0.09284646794410581,-0.03041402887352751,1.0,8.161877627151892,70.66684782841361,44.47380857352011,0.14165151566687337,0.0,1.0,BUY,0.3,0.13877971006164175,-0.023862184016529397,0.1,0.09913692965118642,0.0,0.0,0.0,0.0,0.05,0.6640544556962988
512100,2025-11-07,8.22270795558158,1.0,0.0990147801879792,-0.046743333339608784,1.0,9.134329222284356,71.46864292332441,45.288936409879334,0.13581907156695433,0.0,1.0,BUY,0.3,0.14511361513592094,-0.035743898782160576,0.1,0.0995477405710949,0.0,0.0,0.0,0.0,0.05,0.6589174569248554
512100,2025-11-10,8.234701279474685,1.0,0.09127436037144773,-0.014898643353924879,1.0,8.690593572662337,71.83489645556958,42.81754983061216,0.11652090847538028,0.0,1.0,BUY,0.3,0.13710060374226987,-0.011862793323318039,0.1,0.09939253070633984,0.0,0.0,0.0,0.0,0.05,0.6746303411252917
512100,2025-11-11,8.356642246557387,1.0,0.1148835660348885,-0.019654984481894733,1.0,10.041295941863625,75.30584600180453,41.30250294470615,0.12583437446171666,0.0,1.0,BUY,0.3,0.15960042180657008,-0.015595667879093777,0.1,0.09975269112995039,0.0,0.0,-0.1,0.0,0.05,0.5937574450574267
512100,2025-11-12,8.567955358315613,1.0,0.1321477996670446,-0.04198706856658818,1.0,11.141753299204357,79.92319795369473,39.430355403564214,0.13004767451394145,0.0,1.0,BUY,0.3,0.17260827800329911,-0.03238090945755563,0.1,0.0998811760701309,0.0,0.0,-0.1,0.0,0.05,0.5901085446158745
512100,2025-11-13,8.641648551960238,1.0,0.12760729417591157,-0.04941858346457395,1.0,11.000078415151776,81.24055763579763,37.29037540340075,0.13388496541039377,0.0,1.0,BUY,0.3,0.16944750174531253,-0.037596208481402826,0.1,0.09986941375483706,0.0,0.0,-0.1,0.0,0.05,0.5817207070187468
512100,2025-11-14,8.657500035551672,1.0,0.12688869390520385,-0.036002233925740645,1.0,11.666511944104526,81.52142770739832,36.61561485063105,0.13056406269328072,0.0,1.0,BUY,0.3,0.16893076580433716,-0.02803094432095106,0.1,0.09991623802726328,0.0,0.0,-0.1,0.0,0.05,0.5908160595106494
512100,2025-11-17,8.813782878831196,1.0,0.13574403659443235,-0.028691503425843035,1.0,12.260044336589175,84.05602122433396,36.03220499937057,0.14138124003924815,0.0,1.0,BUY,0.3,0.17498712403171124,-0.02255842409076476,0.1,0.09994360233672293,0.0,0.0,-0.1,0.0,0.05,0.6023723022776695
512100,2025-11-18,8.832188797821528,1.0,0.11626389710409375,-0.02204906213387603,1.0,10.779879924295077,84.32865339920292,36.80734804103465,0.1413399604663884,0.0,1.0,BUY,0.3,0.16074205975191355,-0.017458553885935445,0.1,0.0998487809197448,0.0,0.0,-0.1,0.0,0.05,0.5931322867857229
512100,2025-11-19,8.881682420585859,1.0,0.11560458915736334,-0.025894586672086772,1.0,10.63037230789302,85.06804334711896,38.4492497123364,0.13966932131482837,0.0,1.0,BUY,0.3,0.16019905218420752,-0.02042433913934863,0.1,0.09983294515856098,0.0,0.0,-0.1,0.0,0.05,0.58960765820342
512100,2025-11-20,8.991745393000818,1.0,0.11683735555712063,-0.020191388489617657,1.0,10.241613407897045,86.58393780730754,40.208015979027856,0.1455667480962744,0.0,1.0,BUY,0.3,0.16121097065586565,-0.0160140711591465,0.1,0.09978357422266794,0.0,0.0,-0.1,0.0,0.05,0.5949804737193871
512100,2025-11-21,8.953460792160495,1.0,0.10358874586665134,-0.013730684105040636,0.0,9.050528205036464,83.4118333399183,43.08280462088127,0.1473675297857666,0.0,0.9881334340627432,BUY,0.3,0.1495521965388131,-0.010940579526974109,0.0,0.09952181705090428,0.0,0.0,-0.1,0.0,0.05,0.4881334340627432
512100,2025-11-24,8.733832284603215,1.0,0.07627229798380816,0.016646636186851138,0.0,6.91619351777779,68.0169450950541,45.63460012154006,0.1563297477877897,0.0,1.0,BUY,0.3,0.11973558424436213,0.01323913565628816,0.0,0.09803080092278278,0.0,0.0,0.0,0.0,0.05,0.5810055208234332
512100,2025-11-25,8.691552128250807,1.0,0.06990160208103202,0.03338542759269869,0.0,6.116089512718242,65.5103101663367,46.49388464449891,0.14581774869515382,0.0,1.0,BUY,0.3,0.11162649116557495,0.026090887224006598,0.0,0.09666619320638242,0.0,0.0,0.0,0.0,0.05,0.584383571595964
512100,2025-11-26,8.775477852534188,1.0,0.07801094590538207,0.019878675269583646,0.0,7.257650854518466,68.02899297248561,46.47618334057923,0.1470207794476536,0.0,1.0,BUY,0.3,0.12187287568392768,0.015770219034902604,0.0,0.09842855557739699,0.0,0.0,0.0,0.0,0.05,0.5860716502962273
512100,2025-11-27,8.852795172236599,1.0,0.089070358362391,-0.013620926502458941,0.0,8.757986165443322,70.18886989569654,46.87374396821868,0.15294611829167173,0.0,1.0,BUY,0.3,0.13470191343045715,-0.010853816138428604,0.0,0.09941914178832233,0.0,0.0,0.0,0.0,0.05,0.5732672390803509
512100,2025-11-28,8.99879583595222,1.0,0.10714826355191126,-0.035349693951987726,1.0,10.123994121074684,73.78973479122001,49.513180809417754,0.15825463611034252,0.0,1.0,BUY,0.3,0.15285710935718488,-0.027549229641449402,0.1,0.09976594122657931,0.0,0.0,0.0,0.0,0.05,0.6750738209423148
512100,2025-12-01,8.959363360907943,1.0,0.110109564274346,-0.0209544723904298,0.0,9.785377823231187,71.28528590109389,50.82614838731018,0.1477359765887325,0.0,1.0,BUY,0.3,0.15550879462964218,-0.016608294523301502,0.0,0.09970675157638864,0.0,0.0,0.0,0.0,0.05,0.5886072516827294
512100,2025-12-02,9.132736923360987,1.0,0.14084050276070792,-0.031621848882522174,1.0,13.02395687786991,75.26097427096312,52.31191120941505,0.14634002252257286,0.0,1.0,BUY,0.3,0.17817691830839918,-0.024771296605084384,0.1,0.0999661050770402,0.0,0.0,-0.1,0.0,0.05,0.603371726780355
512100,2025-12-03,9.156489473093805,1.0,0.1216029687798631,-0.017523859860400615,1.0,11.671762800672672,75.75621941958468,53.24266201029024,0.14103733842954697,0.0,1.0,BUY,0.3,0.16498735879220708,-0.013927962891155011,0.1,0.09991653060723021,0.0,0.0,-0.1,0.0,0.05,0.6009759265082825
512100,2025-12-04,9.226380572218543,1.0,0.11996969329936602,-0.029803145664977215,1.0,11.457997984834963,77.20240175111107,53.432713528632874,0.1411490866589051,0.0,1.0,BUY,0.3,0.16371711420746002,-0.023400770179320428,0.1,0.09990375221426567,0.0,0.0,-0.1,0.0,0.05,0.5902200962424052
512100,2025-12-05,9.329931499211211,1.0,0.12730668734055992,-0.021592056960034967,1.0,12.221425059441625,79.1836716455286,53.166490797902,0.13510282943978894,0.0,1.0,BUY,0.3,0.16923189515320433,-0.01710386858891971,0.1,0.09994213188414687,0.0,0.0,-0.1,0.0,0.05,0.6020701584484316
512100,2025-12-08,9.178786725336115,1.0,0.10966934954851792,-0.002435131095583243,0.0,9.483098510008674,69.66660676786863,51.36580106569232,0.1416352645459305,0.0,1.0,BUY,0.3,0.15512016747709095,-0.0019478584712925512,0.0,0.09964139828120382,0.0,0.0,0.0,0.0,0.05,0.6028137072870022
512100,2025-12-09,9.071589820147606,1.0,0.08552917512090225,0.016776974552407453,0.0,6.864899480243586,63.80896398905557,47.626603048322195,0.146289491796248,0.0,1.0,BUY,0.3,0.13073822494061066,0.013341564570204424,0.0,0.0979629952541275,0.0,0.0,0.0,0.0,0.05,0.5920427847649425
512100,2025-12-10,8.962031447875034,1.0,0.06363656215354352,0.03943223499200188,0.0,3.8579569391780435,58.40404533608237,42.899477307253825,0.14716836111242998,0.0,1.0,BUY,0.3,0.10323231936375975,0.03053941579130372,0.0,0.08580715397650865,0.0,0.0,0.0,0.0,0.05,0.5695788891315722
512100,2025-12-11,9.080747949380031,1.0,0.07912765570536635,0.010681016880528249,0.0,4.201161370013453,62.14577204130153,38.12690648130708,0.1511168991085579,0.0,1.0,BUY,0.3,0.12322839541930074,0.008524077741308185,0.0,0.08854352971896215,0.0,0.0,0.0,0.0,0.05,0.5702960028795712
512100,2025-12-12,9.05091333959269,1.0,0.07352560286791797,0.002279256554236553,0.0,3.735557305072316,60.66877326170648,36.15175043496096,0.13392689693733942,0.0,1.0,BUY,0.3,0.11629271920673655,0.001823203187929796,0.0,0.08469281326410187,0.0,0.0,0.0,0.0,0.05,0.5528087356587682
512100,2025-12-15,9.274570311415523,1.0,0.10003870020651408,-0.0348736628919768,0.0,4.117171412125121,67.00050619931973,36.546355388285484,0.14935690965904502,0.0,1.0,BUY,0.3,0.14612616019964694,-0.027196939978935453,0.0,0.08792358387570921,0.0,0.0,0.0,0.0,0.05,0.5568528040964207
512100,2025-12-16,9.278470376731956,1.0,0.10254690173505913,-0.021773804146322906,0.0,3.9763688230814345,67.0999678224994,36.630303983251274,0.14634301656195334,0.0,1.0,BUY,0.3,0.14856028985021857,-0.017244977647116574,0.0,0.08681344253709732,0.0,0.0,0.0,0.0,0.05,0.5681287547401993
512100,2025-12-17,9.118171011524844,1.0,0.08280393827479897,-0.007431037002413765,0.0,1.9830675367589057,59.20177715367291,35.375067607091644,0.1531644559190486,0.0,1.0,BUY,0.3,0.1275954447958593,-0.005937836280570086,0.0,0.05790434881935559,0.0,0.0,0.0,0.0,0.05,0.5295619573346448
512100,2025-12-18,9.04806130226418,1.0,0.06892868816755979,0.024422587952408592,0.0,0.47048016870525555,56.09194568679711,32.56217762056361,0.15516012599433093,0.0,0.9951985331783961,BUY,0.3,0.1103499824705104,0.019293195828686792,0.0,0.01555535487919904,0.0,0.0,0.0,0.0,0.05,0.4951985331783962
512100,2025-12-19,9.064243907917184,1.0,0.07177042829687774,0.02308855448329039,0.0,0.9324620928253247,56.657881546079906,30.247952331481176,0.15920297584169685,0.0,1.0,BUY,0.3,0.11405027791954908,0.01826361331477672,0.0,0.03011835323651584,0.0,0.0,0.0,0.0,0.05,0.5124322444708417
512100,2025-12-22,9.12372599965743,1.0,0.08589853231665236,-0.0006092217535254019,0.0,3.7483224921064693,58.761875052238224,27.177698029699393,0.15244007173872096,0.0,1.0,BUY,0.3,0.13115798323759528,-0.0004873735438557908,0.0,0.0848126766179443,0.0,0.0,0.0,0.0,0.05,0.5654832863116838
512100,2025-12-23,9.019368340515516,0.35,0.07577941022472892,0.0031711723418014204,0.0,3.0904296117670316,53.82511513219318,24.371779040877136,0.15835170634203788,0.0,0.8040567202619185,HOLD,0.105,0.11912374974085763,0.002536393751234898,0.0,0.077396576769826,0.0,0.0,0.0,0.0,0.0,0.30405672026191854
512100,2025-12-24,9.084323750189968,0.35,0.08725582830134752,-0.0022152804444335317,0.0,2.9003092226876968,56.28681173458779,21.139539159229578,0.15921765196912002,0.0,0.8106439096201272,HOLD,0.105,0.13268781452622644,-0.0017720388400088547,0.0,0.07472813393390955,0.0,0.0,0.0,0.0,0.0,0.31064390962012717
512100,2025-12-25,9.17885988416062,0.6499999999999999,0.09375898753582722,-0.006042913224844737,0.0,3.0219044717513293,59.65778737461035,18.063931354285728,0.16096447292220173,0.0,0.9063759962232026,BUY,0.19499999999999998,0.13974220592618478,-0.0048305680324518445,0.0,0.07646435832946974,0.0,0.0,0.0,0.0,0.0,0.40637599622320264
512100,2025-12-26,9.11174983240371,0.35,0.07788175408166484,-0.010242567816330483,0.0,1.059813273245247,56.336493084549375,16.42810046651957,0.15409425298753274,0.0,0.7524667528791917,HOLD,0.105,0.12171518551391768,-0.008175764389486804,0.0,0.03392733175476089,0.0,0.0,0.0,0.0,0.0,0.25246675287919174
512100,2025-12-29,9.3305219121035,1.0,0.10393216396317106,-0.027101429746862804,1.0,3.220990415345228,63.47516584944931,17.485614138865596,0.1596667211466798,0.0,1.0,BUY,0.3,0.14987670222105057,-0.021347689022067306,0.1,0.07908374510943654,0.0,0.0,0.0,0.0,0.0,0.6076127583084198
512100,2025-12-30,9.274427670161476,1.0,0.09567712040228887,-0.010411727295867257,0.0,1.2602545398054423,60.73335672679356,19.865892795022855,0.15473411642675128,0.0,0.9731264681114469,BUY,0.3,0.14173644972991056,-0.008310172448235868,0.0,0.03970019082977222,0.0,0.0,0.0,0.0,0.0,0.47312646811144693
512100,2025-12-31,9.166672390136627,1.0,0.08107301561218498,-0.0060276630442155366,0.0,0.0881869141247596,55.75146150353113,20.4573868609074,0.15672585497986954,0.0,0.9236778492023394,BUY,0.3,0.12555752808602197,-0.004818396284566307,0.0,0.0029387174008837762,0.0,0.0,0.0,0.0,0.0,0.4236778492023394
512100,2026-01-01,9.001941143995452,0.7,0.04749912434878437,0.03521569009787262,0.0,-1.8570540613320263,49.11813627312561,18.886501331394268,0.1677131434673755,0.0,0.7622000433293932,HOLD,0.21,0.07979430446574227,0.027450133615258665,0.0,-0.05504439475160782,0.0,0.0,0.0,0.0,0.0,0.2622000433293931
512100,2026-01-02,9.13721951036128,1.0,0.06313088090573779,0.014794245497394276,0.0,-1.5513768410706708,53.96236952872532,15.44022484659624,0.15828636970877127,0.0,0.8667695591748398,BUY,0.3,0.10253696784260258,0.011780442216518236,0.0,-0.04754785088428101,0.0,0.0,0.0,0.0,0.0,0.3667695591748398
512100,2026-01-05,9.143200684255271,1.0,0.06096312188400581,0.0025605481337602765,0.0,-0.3023455358134238,54.17012547697084,12.376236982352081,0.15823646295209276,0.0,0.8915304113383453,BUY,0.3,0.09952646057832404,0.0020481520399742814,0.0,-0.010044201279952904,0.0,0.0,0.0,0.0,0.0,0.3915304113383454
512100,2026-01-06,9.094088604673392,0.35,0.06207237626242406,-0.010236398928180623,0.0,0.19684695149123635,52.09141853331902,10.953894868176443,0.15053316506621847,0.0,0.7044542474027543,HOLD,0.105,0.10107294516151384,-0.008170862247011709,0.0,0.006552164488252148,0.0,0.0,0.0,0.0,0.0,0.20445424740275428
512100,2026-01-07,8.936673011774708,0.35,0.049827928937998596,0.02194830696134198,0.0,-0.21903952586050476,45.99855163188402,9.943212272028523,0.15231949778178056,0.0,0.6984215349820536,SELL,0.105,0.08332951027219022,0.017380395589175632,0.0,-0.007288370879312212,0.0,0.0,0.0,0.0,0.0,0.19842153498205362
512100,2026-01-08,8.898325648837792,0.35,0.04177770713692381,0.02678220066187076,0.0,-1.5997984079411678,44.62910191005329,9.130142028070106,0.15595215616815267,0.0,0.6482244152097081,SELL,0.105,0.07090798159394784,0.0211038117502315,0.0,-0.04878737813447117,0.0,0.0,0.0,0.0,0.0,0.14822441520970814
512100,2026-01-09,9.155997531477928,0.6499999999999999,0.07016806925148844,-0.0068076010137752,0.0,0.8175082154803888,54.443589732777866,9.101704964273766,0.16910807340370507,0.0,0.8281288651011767,BUY,0.19499999999999998,0.11197435815477016,-0.00544070286971097,0.0,0.026595209816117505,0.0,0.0,0.0,0.0,0.0,0.32812886510117667
512100,2026-01-12,8.923857743051224,0.35,0.030196438622021603,0.0014340089098704434,0.0,-2.6715977985860984,46.45475426145727,8.911034925001612,0.17864282588632704,0.0,0.5871169895924109,SELL,0.105,0.05213550210580055,0.001147156803173329,0.0,-0.07116566931656303,0.0,0.0,0.0,0.0,0.0,0.08711698959241083
512100,2026-01-13,8.859606852437372,0.35,0.012857280097710564,0.004351245158742634,0.0,-3.1807028349454716,44.5080948216248,9.358298215548059,0.1768087210165698,0.0,0.5524535863014749,SELL,0.105,0.022549346346687194,0.003479590795050263,0.0,-0.07857535084026257,0.0,0.0,0.0,0.0,0.0,0.05245358630147487
512100,2026-01-14,9.053573836792408,0.35,0.044684038717505745,0.01118651401263393,0.0,-0.48199103090822054,51.161655099800925,9.275491637609136,0.1854172304695664,0.0,0.6734526955899778,HOLD,0.105,0.07545683989391988,0.008925396570250984,0.0,-0.01592954087419312,0.0,0.0,0.0,0.0,0.0,0.17345269558997772
512100,2026-01-15,9.19270623127208,0.6499999999999999,0.0584386140016196,-0.030126935677588618,0.0,1.0667645092220577,55.30166112347223,9.436071022165947,0.19302279547605114,0.0,0.8014472990198069,BUY,0.19499999999999998,0.09596056070405756,-0.023645468826422628,0.0,0.034132207142172015,0.0,0.0,0.0,0.0,0.0,0.30144729901980694
512100,2026-01-16,9.133252330001564,0.6499999999999999,0.04012817278341922,-0.030886864634282363,0.0,0.5050771855989602,53.22533659922932,7.597012210287962,0.18448021420874497,0.0,0.7557554610622534,BUY,0.19499999999999998,0.0682954322571066,-0.024218590462238083,0.0,0.016678619267384953,0.0,0.0,0.0,0.0,0.0,0.25575546106225344
512100,2026-01-19,9.1590367906085,0.6499999999999999,0.05193615498058403,-0.011648764975827008,0.0,0.25771859262846425,54.0314209917652,5.2551879304711315,0.18686391355586046,0.0,0.7807646058506672,BUY,0.19499999999999998,0.08648718515778138,-0.009292128691874216,0.0,0.008569549384760107,0.0,0.0,0.0,0.0,0.0,0.28076460585066726
512100,2026-01-20,9.21339795324507,1.0,0.06383351470789071,-0.002250884717995172,0.0,1.4532110972326262,55.762342339286434,4.737545679872072,0.18142355949734096,0.0,0.9466782635332412,BUY,0.3,0.10350243207628144,-0.0018005131702275507,0.0,0.04497634462718736,0.0,0.0,0.0,0.0,0.0,0.44667826353324125
512100,2026-01-21,9.231696341855564,1.0,0.057558960668140965,-0.010778637039362549,0.0,1.100788798000104,56.3580446020949,5.666244290636391,0.1725943747025141,0.0,0.9212317991839283,BUY,0.3,0.09470308539163176,-0.008601601246206292,0.0,0.03513031503850291,0.0,0.0,0.0,0.0,0.0,0.42123179918392833
512100,2026-01-22,9.432886416132735,1.0,0.07400265181753507,-0.029899391364497596,1.0,1.8051040404311953,62.3596706159268,7.3130375732503525,0.1787550134368212,0.0,1.0,BUY,0.3,0.11689650044459564,-0.02347353731237673,0.1,0.05382591012271534,0.0,0.0,0.0,0.0,0.0,0.5472488732549342
512100,2026-01-23,9.474929266924727,1.0,0.08401871221485707,-0.02838597822506328,1.0,2.6219408064328737,63.48960077048374,8.973265935841802,0.17713328419470173,0.0,1.0,BUY,0.3,0.12900627799887446,-0.02232631452750373,0.1,0.07033907629459529,0.0,0.0,0.0,0.0,0.0,0.577019039765966
512100,2026-01-26,9.607636978505946,1.0,0.08895931891381878,-0.04072281222530094,1.0,2.035036945770573,66.87028473832527,11.01674120042048,0.18587503503293082,0.0,1.0,BUY,0.3,0.13457968180552854,-0.03147260882957939,0.1,0.05904428411180197,0.0,0.0,0.0,0.0,0.0,0.5621513570877511
512100,2026-01-27,9.632224701148347,1.0,0.0969211500855891,-0.021132268133186694,1.0,2.66327978984814,67.47126742779952,14.579497825591403,0.17649436298607948,0.0,1.0,BUY,0.3,0.14300895591318596,-0.016746574968710452,0.1,0.07102855546466723,0.0,0.0,0.0,0.0,0.0,0.5972909364091428
512100,2026-01-28,9.400967837843409,1.0,0.06331566314008,0.007806013849570803,0.0,1.6664007663996965,56.998352595519584,16.996510052862522,0.18479836509791106,0.0,0.9594887025029402,BUY,0.3,0.10279136297212982,0.006236705954224043,0.0,0.05046063357658637,0.0,0.0,0.0,0.0,0.0,0.4594887025029402
512100,2026-01-29,9.270022198296926,1.0,0.04606341546865868,0.0351402515482554,0.0,1.972923091804865,52.06983824156258,17.712057505772975,0.1759762099157555,0.0,0.962664246504233,BUY,0.3,0.07759078676872705,0.02739432103134176,0.0,0.057679138704164114,0.0,0.0,0.0,0.0,0.0,0.46266424650423293
512100,2026-01-30,9.163986732424146,0.7,0.02566849539956184,0.048611611881145045,0.0,0.19512723342704047,48.418830071857826,18.938328882177284,0.16806651002175016,0.0,0.7980877098634884,HOLD,0.21,0.04455208436675854,0.0370405409850171,0.0,0.006495084511712792,0.0,0.0,0.0,0.0,0.0,0.29808770986348837
512100,2026-02-02,9.140055619918568,0.7,0.01824524559416433,0.027753761360031826,0.0,-0.02289177023326863,47.60749852681392,20.091276964016625,0.16620803972663772,0.0,0.7629676827150643,HOLD,0.21,0.03188551403425467,0.021845212878996424,0.0,-0.0007630441981867929,0.0,0.0,0.0,0.0,0.0,0.2629676827150643
512100,2026-02-03,9.371490702004005,1.0,0.04051338617471706,-0.01094587494361332,0.0,1.9092849635194302,55.39225951100536,21.61812509982812,0.16291418118399129,0.0,0.9164193712688906,BUY,0.3,0.06890748444057039,-0.008734386327581832,0.0,0.056246273155902096,0.0,0.0,0.0,0.0,0.0,0.4164193712688906
512100,2026-02-04,9.415807896326408,1.0,0.051606221731442026,-0.02747943348840365,0.0,3.492914206151776,56.718452352894204,22.442119595494,0.1538014465528927,0.0,0.9466033940908918,BUY,0.3,0.08599573607720654,-0.02163612370911171,0.0,0.082243781722797,0.0,0.0,0.0,0.0,0.0,0.4466033940908918
512100,2026-02-05,9.407432937965906,1.0,0.05391713392133002,-0.02925335787504979,0.0,3.7428029307838133,56.37734103835802,23.6663962910485,0.147982051401667,0.0,0.9511927403849306,BUY,0.3,0.08941638483666332,-0.02298459922215222,0.0,0.08476095477041956,0.0,0.0,0.0,0.0,0.0,0.4511927403849306
512100,2026-02-06,9.550827577945723,1.0,0.06086858981845296,-0.019136430013569683,0.0,3.0084754685872035,60.7319217599875,25.700466410137995,0.1537676676989215,0.0,1.0,BUY,0.3,0.0993940893869052,-0.015190654620724173,0.0,0.07627780985217424,0.0,0.0,0.0,0.0,0.05,0.5104812446183553
512100,2026-02-09,9.388056604649927,1.0,0.04849401861679088,0.0029473086093130263,0.0,3.8265598781708423,54.12687506909399,25.901373821775447,0.16329494371293915,0.0,1.0,BUY,0.3,0.08131055934465657,0.0023574100408322615,0.0,0.08552866925018182,0.0,0.0,0.0,0.0,0.05,0.5191966386356707
512100,2026-02-10,9.33645663444319,1.0,0.037535948996116474,0.007544704702201477,0.0,3.9767898199217955,52.189132328626236,25.02017095661314,0.16655219366301768,0.0,1.0,BUY,0.3,0.06414667081622136,0.00602844490824446,0.0,0.08681689909811952,0.0,0.0,0.0,0.0,0.05,0.5069920148225853
512100,2026-02-11,9.268599791891488,0.7,0.017878971289573442,0.0295500870213532,0.0,1.8388829544350804,49.67079912652538,23.960582340887623,0.1520441072743199,0.0,0.8190842703151844,HOLD,0.21,0.03125414624018482,0.023209318740498502,0.0,0.05462080533450107,0.0,0.0,0.0,0.0,0.0,0.3190842703151844
512100,2026-02-12,9.316393314795413,0.7,0.013310273754856328,0.007633453106686616,0.0,1.0743086068001386,51.447857104105495,22.67115080329388,0.15332855555837682,0.0,0.7737913151842803,HOLD,0.21,0.023337942991418364,0.006099182567678628,0.0,0.034354189625183426,0.0,0.0,0.0,0.0,0.0,0.2737913151842804
512100,2026-02-13,9.420085103197886,0.6499999999999999,0.024090385717951114,-0.008957195650240779,0.0,2.4907274845330276,55.14803843909528,20.88798106193596,0.15004312235243017,0.0,0.797788933229392,BUY,0.19499999999999998,0.04188183068203313,-0.007153516734405798,0.0,0.06806061928176468,0.0,0.0,0.0,0.0,0.0,0.29778893322939204
512100,2026-02-16,9.4769619438374,0.6499999999999999,0.04225156501549301,-0.02248043465294458,0.0,2.744992068092528,57.08021975398711,17.61445371666049,0.15525670763155336,0.0,0.8212137073040393,BUY,0.19499999999999998,0.07165441841679232,-0.017792930489230935,0.0,0.07235221937647798,0.0,0.0,0.0,0.0,0.0,0.3212137073040393
512100,2026-02-17,9.5359825465689,1.0,0.04956280125541914,-0.023570197645558455,0.0,2.7676454000731874,59.051538644393865,15.734305617559455,0.1424339792020053,0.0,0.9370037782190024,BUY,0.3,0.08292951009050015,-0.018635811543017765,0.0,0.07271007967152006,0.0,0.0,0.0,0.0,0.0,0.43700377821900244
512100,2026-02-18,9.498283856837368,1.0,0.04369520046718993,-0.008301278893216635,0.0,2.2710284714794096,57.24299480802526,16.06213938723787,0.1375974695455396,0.0,0.9312170067308152,BUY,0.3,0.0739170728206321,-0.006631277297376979,0.0,0.06393121120756007,0.0,0.0,0.0,0.0,0.0,0.43121700673081514
512100,2026-02-19,9.538453222890158,1.0,0.03486246857677391,-0.006488501211376452,0.0,0.9472199037680902,58.694630825163415,17.17851760107519,0.13316916299444806,0.0,0.8851938704094975,BUY,0.3,0.05981502281899855,-0.005186143885201402,0.0,0.030564991475700277,0.0,0.0,0.0,0.0,0.0,0.38519387040949743
512100,2026-02-20,9.44594878417185,1.0,0.01450730985691948,0.009441477263341214,0.0,-0.25497720778678495,54.13644072461004,17.152411912286535,0.13942641554665172,0.0,0.8244788576066409,BUY,0.3,0.025418840743698313,0.007538850739679569,0.0,-0.008478833876737025,0.0,0.0,0.0,0.0,0.0,0.32447885760664086
512100,2026-02-23,9.525952826951832,1.0,0.017122017954466908,-0.0029130494025555453,0.0,-0.7257948667265128,57.23005919371802,16.186837966438762,0.13183317327029329,0.0,0.8038857287010186,BUY,0.3,0.029947687987647284,-0.0023300177304495314,0.0,-0.02373194155617907,0.0,0.0,0.0,0.0,0.0,0.30388572870101865
512100,2026-02-24,9.472348041736636,1.0,0.0025146688342244875,0.006930387936996407,0.0,-1.4126528576061153,54.57386385810525,15.076522657055209,0.1320114588752029,0.0,0.7660725041223654,BUY,0.3,0.004425220190634604,0.005538636371162828,0.0,-0.04389135243943205,0.0,0.0,0.0,0.0,0.0,0.2660725041223654
512100,2026-02-25,9.348467587344894,0.7,-0.0006758147044603089,0.01031989470346284,0.0,-0.5156540251181523,48.92279046317872,14.134895759964175,0.13717334443362056,0.0,0.7000266166756861,HOLD,0.21,-0.0011894222907632228,0.008237209282033885,0.0,-0.01702117031558453,0.0,0.0,0.0,0.0,0.0,0.20002661667568614
512100,2026-02-26,9.35626265026866,0.7,0.0022142449743937868,0.017813459689099753,0.0,0.8998308616810801,49.27869879103845,14.447823987966226,0.13124959442048137,0.0,0.7571778400101195,HOLD,0.21,0.0038966635927464716,0.014155074747859651,0.0,0.02912610166951331,0.0,0.0,0.0,0.0,0.0,0.2571778400101194
512100,2026-02-27,9.145022622306762,0.35,-0.016330742219588645,0.03455589025948236,0.0,-0.18355284143762385,40.95113122734558,16.048753713314625,0.13334043677530616,0.0,0.5972708704749449,SELL,0.105,-0.02857968821803207,0.026961363344557322,0.0,-0.006110804651580402,0.0,0.0,0.0,0.0,0.0,0.09727087047494484
512100,2026-03-02,9.310295502847906,0.35,0.004956841047542571,0.004083245103043698,0.0,1.5580613238510985,48.31095632805687,16.200294683705867,0.13910905391531841,0.0,0.6647050149352591,HOLD,0.105,0.008719470274384796,0.0032654346880332565,0.0,0.047720109972841096,0.0,0.0,0.0,0.0,0.0,0.16470501493525913
512100,2026-03-03,9.402888141614248,0.35,0.010096379650715036,-0.004983345710613429,0.0,0.3119436595281857,51.92609422423165,15.790447988115684,0.14386024557150393,0.0,0.6291073283481635,HOLD,0.105,0.01773108597743232,-0.003984565823603534,0.0,0.010360808194334768,0.0,0.0,0.0,0.0,0.0,0.12910732834816355
512100,2026-03-04,9.44448311681578,0.6499999999999999,0.020449244866743488,-0.032745735781841256,0.0,0.2837290600471366,53.499473175379606,15.766548286488417,0.14549587562258384,0.0,0.714489198900836,BUY,0.19499999999999998,0.03567299869908916,-0.02561333713194718,0.0,0.009429537333694069,0.0,0.0,0.0,0.0,0.0,0.214489198900836
512100,2026-03-05,9.264053662421226,0.35,-0.002997164590686374,0.0049667425069950255,0.0,-1.317113250572748,46.40471939220522,16.42671034051265,0.1486984658987723,0.0,0.5624126534924045,HOLD,0.105,-0.005273999023731223,0.003971304279012455,0.0,-0.041284651762876635,0.0,0.0,0.0,0.0,0.0,0.062412653492404595
512100,2026-03-06,9.189734809654237,0.35,-0.00905487035676773,0.02266892137285581,0.0,-3.424164763589804,43.826606605314616,18.481547385385973,0.14661529826122685,0.0,0.5255420485620339,SELL,0.105,-0.015908755006143277,0.017938906772950906,0.0,-0.08148810320477368,0.0,0.0,0.0,0.0,0.0,0.025542048562033945
512100,2026-03-09,9.197699564011106,0.35,-0.014225215863018913,0.026129916243407658,0.0,-1.9391125728622145,44.184499157441245,19.98796547856808,0.14641649088796133,0.0,0.543753645240589,SELL,0.105,-0.024928856234292113,0.020604679752698155,0.0,-0.05692217827781701,0.0,0.0,0.0,0.0,0.0,0.04375364524058903
512100,2026-03-10,9.172155186192455,0.35,-0.017838171049527885,0.009919898953257178,0.0,-1.6901090194106414,43.23313592055542,21.1718224048041,0.15138692016016606,0.0,0.5306881863567182,SELL,0.105,-0.03118378381415146,0.007919301198916663,0.0,-0.05104733102804694,0.0,0.0,0.0,0.0,0.0,0.03068818635671826
512100,2026-03-11,8.989787246302587,0.35,-0.030699782523021583,0.021757707648059177,0.0,-2.6915004206656623,37.09265731765039,21.792864776220007,0.16301029276584383,0.0,0.49777009432974834,SELL,0.105,-0.05297083502896379,0.017232483125161464,0.0,-0.07149155376644932,0.0,0.0,0.0,0.0,0.0,-0.00222990567025165
512100,2026-03-12,8.851190365240603,0.35,-0.03987087596532032,0.037673463495842996,-1.0,-4.350567989055057,33.2298462717317,23.20065783609209,0.1636732647543229,0.0,0.4267992048624204,SELL,0.105,-0.0678859688226493,0.02925820413140274,-0.1,-0.08957303044633305,0.0,0.0,0.0,0.05,0.0,-0.07320079513757961
512100,2026-03-13,8.824485148798413,0.35,-0.04514957392973035,0.03790494494875274,-1.0,-5.737195889173348,32.52695800342137,26.04182379568927,0.15462641101187838,0.0,0.4625199338624343,SELL,0.105,-0.07617886953609196,0.029427444765458523,-0.1,-0.09572864136693224,0.0,0.0,0.0,0.05,0.05,-0.03748006613756569
512100,2026-03-16,8.691946034281996,0.35,-0.06382722814587483,0.03313106349019446,-1.0,-7.464664353094579,29.22313062488709,29.6099906798776,0.16065887225404232,0.0,0.428777590087833,SELL,0.105,-0.10349381648288442,0.025901147817658357,-0.1,-0.09862974124694089,0.0,0.0,0.0,0.05,0.05,-0.07122240991216697
512100,2026-03-17,8.838289269110522,0.0,-0.0462087010922868,0.0014575549273851962,0.0,-6.173073682831952,36.85022273359347,31.77351085950795,0.1647331349495936,0.0,0.3765629279229069,SELL,0.0,-0.07781459153504344,0.0011659910973979342,0.0,-0.09678847163944755,0.0,0.0,0.0,0.0,0.05,-0.12343707207709308
512100,2026-03-18,8.894098295933984,0.0,-0.0349192342216782,-0.007888635536436928,0.0,-5.273468558695201,39.52660695770133,31.20892614439025,0.16522607847810228,0.0,0.3895639882631611,SELL,0.0,-0.05990753353543289,-0.006302543484547238,0.0,-0.0942259347168588,0.0,0.0,0.0,0.0,0.05,-0.11043601173683894
512100,2026-03-19,8.811724988108516,0.0,-0.04381271890222701,-0.01378045300259556,0.0,-6.34840490808769,37.031900888842436,30.379263441213613,0.15719431719531535,0.0,0.36778190491993606,SELL,0.0,-0.0741004985657815,-0.010979916357271977,0.0,-0.09713768015701042,0.0,0.0,0.0,0.0,0.05,-0.13221809508006394
512100,2026-03-20,8.938700693359923,0.0,-0.02329467925464276,-0.011360956989757698,0.0,-4.267525737371345,43.00357719362681,31.668915045679228,0.15290486653384544,0.0,0.4113935477586677,SELL,0.0,-0.040530522130778325,-0.009063821892191381,0.0,-0.08901210821836256,0.0,0.0,0.0,0.0,0.05,-0.08860645224133228
512100,2026-03-23,9.045897874285158,0.0,-0.017092612725233824,-0.017067450043875665,0.0,-3.9460134682390113,47.52788035400431,33.391441502178914,0.1522202720862969,0.0,0.41997138868472883,SELL,0.0,-0.029896892158233025,-0.013569737502491847,0.0,-0.08656198165454629,0.0,0.0,0.0,0.0,0.05,-0.08002861131527116
512100,2026-03-24,9.080701968858955,0.0,-0.01457667953528894,-0.030524895081658343,0.0,-3.223965628275242,48.944896880296014,35.22160264490442,0.14792206492925114,0.0,0.42139403305094436,HOLD,0.0,-0.02553929378871064,-0.023945809051191005,0.0,-0.07912086410915398,0.0,0.0,0.0,0.0,0.05,-0.07860596694905563
512100,2026-03-25,9.07983898614925,0.3,-0.008070758601512419,-0.01578957587137597,0.0,-2.2874706934882085,48.909627559141796,35.28331488685791,0.1359657316088628,0.0,0.5489961251903355,HOLD,0.09,-0.014184829483132632,-0.01256490362272812,0.0,-0.06425414170380382,0.0,0.0,0.0,0.0,0.05,0.04899612519033543
512100,2026-03-26,9.05076819552027,0.0,-0.0032949592633235054,-0.0005384010855302712,0.0,-2.600274641089833,47.66363268964527,34.21216315847593,0.1330034537795444,0.0,0.47379916477394846,HOLD,0.0,-0.005797785535865112,-0.00043071820485943483,0.0,-0.06997233148532697,0.0,0.0,0.0,0.0,0.05,-0.026200835226051516
512100,2026-03-27,8.995565166427522,0.0,-0.009279635174444679,0.009375575007681047,0.0,-1.4074365852451929,45.30345876712621,33.51626260523084,0.13210966499038918,0.0,0.4974333396276306,HOLD,0.0,-0.016302220940664892,0.007486426496875077,0.0,-0.043750865928579616,0.0,0.0,0.0,0.0,0.05,-0.0025666603723694253
